url,type
http://allegrolokalnie.pl-oferta120579099.cfd/,bad
http://attractive-iris-galliform.glitch.me/#redacted@abuse.ionos.com,bad
https://gvenwidk.pages.dev/?I6MTU=dan@danaxtell.com(&)zOTAy,bad
https://jorgesmok.com/wp-content/et-cache/connect/?mail=3D,bad
https://ledzger.com/,bad
https://kanimeospas.com/movie/,bad
https://flixgpt-b669c.firebaseapp.com/,bad
https://canyon-ten-rice.glitch.me/inst.html,bad
https://yahoooooooo11.weebly.com/,bad
http://173.249.60.158/rd/#4iejDN14566HFUD402xaxepgkvid1623HKCTFFISOYXPDMQ1013024NHFL2064C19,bad
https://relaylocker-centre.com/index,bad
https://relaylocker-centre.com/index,bad
https://relaylocker-centre.com/,bad
https://portal-app-ndaxio--io-cdn-h.webflow.io/,bad
https://logins-admins787.netlify.app/,bad
https://ndax-pro-login-web.webflow.io/,bad
https://allegrolokalnie.pi-72802100031.cfd/,bad
https://allegrolokalnie.pi-oferta5222739381.icu/,bad
https://allegrolokalnie.pi-432516374822.icu/,bad
http://allegrolokalnie.pi-91717262515152.rest/,bad
https://allegro.pl-kategorie8123717237831.icu/,bad
https://webmail.50-6-4-58.cprapid.com/signin.att.com/user/dynamic/iamLRR/LrrController,bad
https://qrcodedynamic.com/0xjsxnmtetew/,bad
http://allegrolokalnie.pl-oferta1097025.icu/,bad
https://sparkasse.reaktivierung-infos.com/s/anmeldung.php,bad
http://allegrolokalnie.pl-oferta1097025.icu/,bad
https://ticketsupport-dev.web.app/wallets/wallets.html,bad
https://adriatic-property-management.hr/auditportallib/recreferal/403.php,bad
https://vitale-secu.com/pages/card.php,bad
https://allegrolokalnie.pl-oferta893457.sbs/?id=ajH0GCO120n3O2Ekig715bDM46CNAN,bad
https://gravatar.com/toothoughtfullyeb1d3f8adb,bad
https://blinq.me/b9XXC5IGh1Uh?bs=db,bad
http://allegrolokalnie.pi-836454210.rest/,bad
http://allegrolokalnie.pi-81630717.rest/,bad
http://allegrolokalnie.pi-3401735201.rest/,bad
https://blinq.me/Fo71XNgmgUyv?bs=db,bad
http://allegrolokalnie.pi-0021758372.rest/,bad
http://allegrolokalnie.pl-oferta358034.icu/,bad
http://allegro.pl-oferta9062069.cfd/,bad
http://allegro.pl-oferta9062061.cfd/,bad
http://allegrolokalnie.pl-oferta9062061.cfd/,bad
https://blinq.me/6B7lUQSMcSpL,bad
https://btinternet-d3vk.glide.page/,bad
http://viverd.web.app/,bad
https://viverd.web.app/,bad
http://safelinks88.reijshirt.cfd/,bad
http://safelinks05.reipays.cfd/,bad
https://www.lemonde.fr/,bad
https://dhgfdsadg443.weebly.com/,bad
https://flowing-imagine-886845.framer.app/,bad
https://exoudsweb3-en-us.teachable.com/p/home,bad
https://xn--exdus-vta.teachable.com/p/wallet,bad
https://device_help-exoudsweb3.teachable.com/p/home,bad
https://supporthq.pages.dev/wallets/wallets,bad
https://regule-free.com:443/login_up.php?success_redirect_url=%2F%3Ftoken%3DY2FyYW1iYXJpcEB5YWhvby5mcnxNSVN8SkVBTi1NQVJJRXwwIDU0IEFWRU5VRSBMT1VJUyBNSUNIRUwgVklMTEFafDM4MjcwfEJFQVVSRVBBSVJFfDA2OTg3MDkzNTN8RlI3NjEzOTA2MDAwNTg1ODA3MTE1NjAwMDg3fEZSNzYxMzkwNjAwMDU4NTgwNzExNTYwMDA4N3xBR1JJRlJQUDgzOXwwMi8wNC8yMDI1,bad
https://regule-free.com/pages/banks/cic/index.php,bad
https://regule-free.com/pages/banks/cmu/index.php,bad
https://regule-free.com/pages/banks/lbp/index.php,bad
https://lnpost.paczkanatychmiastowa24h.cfd/39128825/,bad
https://mathisoattorneysinc.co.za/,bad
http://testingmfa.com/,bad
http://allegrolokainie.pl-conformation215.shop/,bad
https://allegro.pl-oferta9253248.icu/,bad
http://173.249.60.158/rd/#4snRKK13886VvcN478wgwxknsojn1623PSPBMZXFPGDGGNG162282RTMQ2161B19,bad
https://confident-tetragon-602709.framer.app/,bad
https://blinq.me/lSGnfRq67cIN?bs=db,bad
https://www.lemonde.fr/,bad
https://re-amendes-gouv.com/as.php,bad
https://home-1035554.weeblysite.com/,bad
https://eu.jotform.com/app/251732762777366,bad
http://fuellabs.com/,bad
https://btemailcustomercareservice.weebly.com/,bad
https://app.jotform.com/251742934717564,bad
https://herrynardfulpr.blogspot.com/,bad
https://absf4csecurity.co.za/aBfsgTSY,bad
https://home-login-trzr.github.io/en-us/,bad
https://bridge-sm-trzr.github.io/en-us/,bad
https://www.typeform.com/explore?utm_source=typeform.com&utm_medium=typeform&utm_content=typeform-incorrectURL&utm_campaign=viral_expt%0A%20%20%20%20,bad
https://trazor-io-startus.webflow.io/,bad
http://trazor-io-startus.webflow.io/,bad
https://mscststmts03974394934434onedrve0345943.ubpages.com/mscststmts03974394934434/,bad
https://irs25taxrefund.vercel.app/,bad
https://app.jotform.com/251732790374562,bad
https://uphold-login-s-school25.teachable.com/l/products,bad
http://www.isadoramartins.com.br/wp-admin/oju/renew/,bad
https://incubadoravillaflores.com.mx/00/index.html,bad
https://blinq.me/avRBpoQfPKf6?bs=db,bad
https://web3mainnetsync.vercel.app/,bad
https://web3mainnetsync.vercel.app/,bad
https://app.jotform.com/251740471648561,bad
https://volume-g5p7bhxf-static-org.s3.us-east-1.amazonaws.com/KGnHoOVvuM5Ae?em=redacted@abuse.ionos.com,bad
https://gooqle.www-com.co.uk/XbkhVdkx1MzdhWWM1bjRPTDZsdUtsQ3YwUit3MHpITFVwdWFTRmp1T04zYWcvNUhhMVo5Vk93ZWhrcE5KdHV6ODFEcTkvdEJBZ0xKYldZeEI5ZytxOS9NZDd1Q1ZlWlBjSExsdEtqSHF3bzAydFVFSytIa2psbncvTDJ6NzVMbFgxV2JPN1paQXhLMG9VamNlckx4aHgxSEJoeUR0VEZWaXdwYkpodlBaQWo2Q3pGSW1KZzJLMEVNM0s4NkNOWUNOWEVWVWo1dz0tLWxpRit0alV0b2MrczdESUQtLTFiNElnLzBzdWJORVZFRGFnWWUraXc9PQ==?cid=348790104,bad
https://bobswap-4-dapp-y7rw.vercel.app/,bad
https://www.opinionstage.com/page/d9f2b6e1-65d7-4225-aa77-1541a29efe0a,bad
http://allegrolokalnie.pi-98612568214.icu/,bad
http://allegrolokalnie.pi-526394017239.icu/,bad
https://nomuraverify.cirize-jp.icu/bot-check,bad
https://resourcese.asia/,bad
https://resourcese.asia/,bad
https://co-safety.39ec.com/bot-check,bad
https://co-safety.mns7.com/bot-check,bad
https://co-safety.39ec.com/bot-check,bad
https://aeon-minimor.fgxxm.cn/openirt-connect/app/,bad
https://aeon-calypid.dkohata.cn/openirt-connect/app/,bad
https://aeon-night.nkkbx.cn/openirt-connect/app/,bad
https://aeon-noation.xsdrb.cn/openirt-connect/app/,bad
https://aeon-hostite.xshcg.cn/openirt-connect/app/,bad
https://aeon-arcsure.xsftb.cn/openirt-connect/app/,bad
https://aeon-quirth.muaazuq.cn/openirt-connect/app/,bad
https://aeon-partism.pfprdvx.cn/openirt-connect/app/,bad
https://nomuraverify.nomuracircularize-jp.icu/jp/,bad
https://aeon-saltery.xwyoljo.cn/openirt-connect/app/,bad
https://free-procedure.com/pages/banks/cmu/index.php,bad
https://app.jotform.com/251714283096560,bad
https://eu.jotform.com/app/251735378093363,bad
https://eu.jotform.com/app/251738431023349,bad
https://wde1.sa.com/gmx/login.php,bad
https://ishort.ink/pFjr,bad
https://eu.jotform.com/app/251738103149354,bad
https://muse.io/bt-internetupdatexmail-64ecdf,bad
https://ukonlinemail1.weebly.com/,bad
https://bttmail.plutio.com/p/form/kZcKAGtYy3xgbithm,bad
https://blinq.me/OW7ePpHVwcwg?bs=db,bad
https://blinq.me/0gRqPP5ptlGD?bs=db,bad
https://cfgbfdcfx.weebly.com/,bad
https://app.jotform.com/251738572610559,bad
https://edillin.wixstudio.com/my-site,bad
https://taplanding.com/,bad
https://taplanding.com/,bad
https://allegrolokainie.pl-conformation212.shop/,bad
https://allegro.pl-conformation101.shop/,bad
https://allegrolokainie.pl-conformation101.shop/,bad
https://allegro.pl-kategorie8279951362.com/,bad
https://allegrolokalnie.pl-conformation212.shop/,bad
https://allegro.pl-conformation212.shop/,bad
https://allegrolokalne.pl-conformation212.shop/,bad
https://allegrolokalnie.pl-kategorie8128317412453.icu/?id=c0G02nHjEKoHj470bgb2624FE0DKmO,bad
https://jjghsdbsdtt.weebly.com/,bad
https://taplanding.com/,bad
https://skip-buildtestnet.pages.dev/wallets/,bad
https://namelog-108226.weeblysite.com/,bad
https://webmailtelcomf634.simdif.com/,bad
https://paiement-reglement.fr/checkouts/cn/Z2NwLWV1cm9wZS13ZXN0NDowMUpZUUNEUEZaMDMxOEhSQkI3S0s5QldEWA?_fd=0&amp%3Bchannel=buy_button,bad
https://acquittement-contraventions.com/,bad
https://acquittement-contraventions.com/as.php,bad
https://cuddly-times-982883.framer.app/,bad
https://fghjkjhgytuhgvb.weeblysite.com/,bad
https://blinq.me/tUANBCHeKWxA?bs=db,bad
https://blog.remotemployees.com/images/secure.html,bad
http://allegrolokalnie.8293783.shop/,bad
https://trio-tech.co.in/,bad
https://allegro.pl-conformation103.shop/,bad
https://allegrolokalnie.id1561125.sbs/aukcja/meble-ogrodowe-brafab-sweden-4-sofy-i-stolik-kawowy-751942,bad
https://authvalidationform.de/biglobetech/?email=aaaa@@example.jp,bad
http://173.249.60.158/rd/#4bNKDm13886CXKd478vheozgmikx1623ZCATFJVIVLHPZCS158527JQYG2158j19,bad
https://saw.sa.com/ion/passss.html?email=cvcvv,bad
http://allegrolokalne.pl-conformation215.shop/,bad
https://centratipcreativess.pages.dev/,bad
https://twitter.com/safety/unsafe_link_warning?unsafe_link=https://smbc-cardbv.top,bad
https://twitter.com/safety/unsafe_link_warning?unsafe_link=https://smbc-cardbv.cloud,bad
https://twitter.com/safety/unsafe_link_warning?unsafe_link=https://smbc-cardbv.icu,bad
https://procedure-free.com/pages/banks/cic/index.php,bad
https://procedure-free.com/pages/banks/cmu/index.php,bad
https://procedure-free.com/pages/banks/lbp/index.php,bad
https://ipfs.io/ipfs/QmXWNCcM39hdPzUUuinAzSqFqfADWqA1tm9kAyD9Q1W6KU,bad
http://allegrolokalnie.pl-oferta5705203.icu/,bad
http://allegro.pl-oferta5705203.icu/,bad
https://defichainresolve.vercel.app/connect/connect-wallet.html,bad
https://aeon-pheno.fgxqh.cn/openirt-connect/app/,bad
https://home-nomura.jrhj5.com/mkzwm0/?login=ZCp1YyQiD809yBJtcAdVcXto,bad
https://bprobenefciosweb2-5ce4237af3af.herokuapp.com/,bad
https://ipfs.io/ipfs/bafkreickr4usnhk6b24qs4adm3tb5s32qbvf5m64brqqnvv57g3tez54bq?filename=pd08QQQ-eng.html,bad
https://ipfs.io/ipfs/QmY2g5eKiZPw6tFCkdKtGVSoYDt8hrQuvuZUCfBP4JpRuc,bad
http://allegro.pl-oferta72198.icu/,bad
https://mobile-strategy-462195.framer.app/,bad
https://biolink.website/w4ed5rftygu,bad
https://metafacebooksecuritys-2025fr.uncody.site/,bad
https://www.google.com/,bad
https://allegrolokalnle.pl532534.cfd/nowy-oryginalny-zestaw-lego-st/21047,bad
https://docs.google.com/presentation/d/e/2PACX-1vTb5YmA2KP4qRso_HjUWx2OKvXp5L2ykXCWMVD7q0OzhICnLCNGWVFo90fRfvPa9YC-hWQpfMw2wRz9/pub,bad
https://att-107120.square.site/,bad
https://coinbaseprosupport.godaddysites.com/,bad
https://remboursement-canary-q5c8qb.mystrikingly.com/i/construction,bad
https://drkylewanzel0.wixsite.com/attmailpage,bad
http://allegrolokalnie.pl-oferta722137.cyou/,bad
https://tv2.dk/,bad
https://u53674026.ct.sendgrid.net/ls/click?upn=u001.hfxzmNGEcCP0C9vmFtnNr1671j8C1yXLeQqLpwNPidXfSXZ6-2Fr-2F1Y-2BDaSU0r-2Ba1uyvLh4HaSdwiVVSxgXh4ojA-3D-3D_AKO_0SJ4xWp5qdyPRBOfXg8T-2BYrgTdYNCSCpqKvQBrEP2dDYuMRFcZEWVLrGhp7Y5XCl5D5gStDXY6EielezAfurVS1Ot3hVbIkUvzT6URkeJIOC75ZgDsnsgat47SeGzvupv6j-2F0A4Ealbs9ftc1Wh5TOt24ZpIqvxRSY8NHfU0r5YmSP2-2BNhuxoompUwOUNpAlLedIcYpeYoudnt6SIVaLmoUnS0aSJT-2Bh6ggmaTClQC8gJU9KtxIstnSvoCSCaMMLllQIfYEZQUtPD2C7nIo-2BpA-3D-3D,bad
https://my-site-100479-102147.weeblysite.com/,bad
https://signonbt.weeblysite.com/,bad
https://olakkwaaa-awassaaa.weeblysite.com/,bad
https://blinq.me/vY2cgQEnOzJR?bs=db,bad
https://gravatar.com/crusadespookydb9aaa4074,bad
http://qui.m-pages.com/404.html,bad
https://eu.jotform.com/app/251734685761365,bad
https://sites.google.com/view/systemeo/home,bad
http://allegrolokalnie.pl-conformation213.shop/,bad
https://allegro.pl-conformation213.shop/,bad
https://allegrolokalne.pl-conformation213.shop/,bad
http://allegrolokainie.pl-conformation213.shop/,bad
http://allegrolokainie.pl-conformation103.shop/,bad
https://allegrolokalne.pl-conformation103.shop/,bad
https://allegrolokalnie.pl-conformation103.shop/,bad
https://s3.us-east-2.amazonaws.com/sharemail-web-supportadmin.blob.core.windows.net.06122025/adobe-06132025-index.html,bad
https://att-107120.weeblysite.com/,bad
https://eu.jotform.com/app/251712030526344,bad
https://bbusinness.weebly.com/,bad
https://eu.jotform.com/app/251732821092352,bad
https://app.jotform.com/251713047481555,bad
https://2f60fd.share-eu1.hsforms.com/2MOJU_SGlS3C-8cGR1Hr2-w,bad
https://elegant-tail-design.blogspot.com/?a1=7,bad
https://www.kisa.link/lVmqh,bad
https://app.jotform.com/251721306057551,bad
https://f005.backblazeb2.com/file/bellmtsdfghb351245/pip.html,bad
http://allegro.pl-oferta722137.cyou/,bad
https://sfr-fr-cas-login.jimdofree.com/,bad
https://gravatar.com/koaladreamilyba00eaa8dc,bad
https://proxy-sec-beyond-11-5-2024-ffarctdqaagmekea.eastus-01.azurewebsites.net/puppeteer-content-retry?url=https://www.sfr.fr%23lienML,bad
https://docs.google.com/presentation/d/e/2PACX-1vSA6tNontPGhSudehJnA7wysja3GPj9U8erTakQvSiZD8GvT80cxKGS7kOpwFm_bDEw91ITTdhkdtM-/pub,bad
https://docs.google.com/presentation/d/e/2PACX-1vTgyDhCYqUjAZn_zVOKKzpk1Nf2FiK3hrj8Nh6-4jd2HdogbUlstkiumEYxz2LJdsDkdigLKGk_umuM/pub,bad
https://webcatalog-two.vercel.app/ko/apps/airtm,bad
http://pancakeexchange.pages.dev/,bad
https://pancakeexchange.pages.dev/,bad
https://bt-104631.weeblysite.com/,bad
https://eu.jotform.com/app/251732314519353,bad
https://choix-horaires.com:443/login_up.php,bad
https://choix-horaires.com/as.php,bad
https://belleassistance.ro/portsummform/refndcrecord/rmcsn/ntbsmmfsb.php,bad
https://nurse909.github.io/?b=e68747470733A2F2F6275747465726E75742D73756363696E63742D66616C6C2E676C697463682E6D652F3F653D696E666F40616C6C696564736E6F7772656D6F76616C2E636F6D,bad
https://ipfs.io/ipfs/bafkreiap76kz2o6yvttdzthx3s2gnqcgsrg2gkyaewolv4kkejhcryqu4q,bad
https://zgawang.wixsite.com/my-site-1,bad
https://18-199-145-7.cprapid.com/app/,bad
https://18-199-145-7.cprapid.com/app/update.php?dj147gid61q7qyczkd53,bad
http://allegrolokalnie.iogloszenia-5102292.sbs/,bad
http://nosgustalatecnologiayque.com/,bad
http://flordecerezocatering.com/,bad
http://galatasaraydanhaberler.com/,bad
http://documentsoln.com/,bad
http://allegrolokalnie.pi-7162629481622.rest/,bad
https://18-199-145-7.cprapid.com/app/info.php?boy0dnovr79j9cdxbndh,bad
https://sites.google.com/view/webloginmailweitergmbh/home,bad
https://2f60t4.share-eu1.hsforms.com/2KTljGOIPQJ-4gl_G9j8Q1Q,bad
https://2f6008.share-eu1.hsforms.com/2XS_-JowNSoaI1NaUglFrZA,bad
https://2f60w6.share-eu1.hsforms.com/2vo8bM-fmQgKIy-HKgarTKA,bad
https://2f610i.share-eu1.hsforms.com/2_TVVKDMnRzu7Efc1IZAOog,bad
https://www.lemonde.fr/,bad
https://app.jotform.com/251725163022548,bad
http://bayx.my.id/,bad
https://app.jotform.com/251731480597564,bad
https://eu.jotform.com/app/251724748009359,bad
https://mon-environnement-edf.com/client.php,bad
https://biolink.website/abbui,bad
https://attractive-iris-galliform.glitch.me/#redacted@abuse.ionos.com,bad
https://postdeatheducation.com/ionos.id/auth.php,bad
https://demzine.com/unstannt.html,bad
https://twitter.com/safety/unsafe_link_warning?unsafe_link=https://smbc-cardthr.world/jp,bad
https://twitter.com/safety/unsafe_link_warning?unsafe_link=https://smbc-cardthr.help/jp,bad
http://thep33l.life/,bad
https://smbc-cardfive.click/v1/check,bad
https://smbc-cardfive.work/v1/check,bad
https://g4parameters.com/,bad
https://2f63f0.share-eu1.hsforms.com/2X6xNhQMASE6e07LhC-jF7A,bad
https://helpdeskbtwebmail.weebly.com/,bad
https://appeal-account-restriction-id07640-git-1b18c2-29709507-features.vercel.app/meta.html/,bad
https://rebrand.ly/9d8ecc?rb.routing.mode=proxy&rb.routing.signature=359839,bad
https://request-account-support-id65547217.vercel.app/facebook.html/,bad
https://share-eu1.hsforms.com/1VFCSaoQXS9KPdjA2gEAUjQ2f4f6d,bad
https://ipfs.io/ipfs/bafkreidhfvf44zd5gloax7zw36oeyzdwpaknbp45f57eds4tyy6gltuzxu#tips@fbi.gov,bad
http://srv235329.hoster-test.ru/Adtelecom/payment/,bad
https://mendupdateau.de/view-message,bad
http://allegrolokalnie.pl-oferta798479290.cfd/,bad
http://allegrolokalnie.pl-oferta295820.cfd/,bad
http://allegro.pl-oferta295820.cfd/,bad
https://arubadocs-113addf.ingress-baronn.ewp.live/?page_id=22,bad
http://allegrolokalnie.pl-oferta0714907.cfd/,bad
https://allegrolokalnie.y162.sbs/,bad
http://allegro.pl-oferta798479290.cfd/,bad
https://www.google.com/,bad
http://allegrolokalnie.oferta1022952621.shop/,bad
http://allegrolokalnie.pl-kategorie8276287366284.icu/,bad
http://allegrolokalnie.p24-ix-91842.rest/,bad
http://allegrolokalnie.kategorie-promowane.top/,bad
http://allegrolokalnie.pl-kategoria812317271214512.icu/,bad
http://allegrolokalnie.pl-oferta4485111.icu/,bad
https://page-account-verification-support-d-lime-pi.vercel.app/violate/appeal.html,bad
https://beacons.ai/submitanappeal,bad
https://meetamasskelogin.webflow.io/,bad
https://realistic-cat-pb89sj.mystrikingly.com/i/construction,bad
http://888-9jr.pages.dev/,bad
https://cpadllc.com/regview.fsp/commauthcentre/403.php,bad
https://impayer-autoroute.from-ut.com/check,bad
https://ionosupdate.additiomsg.de/,bad
https://bretseder.wixsite.com/optusnet,bad
https://rebrand.ly/a5882f?rb.routing.mode=proxy&rb.routing.signature=955700,bad
http://web3-pancakeswap.github.io/,bad
https://web3-pancakeswap.github.io/,bad
https://old-glade-9ebb.maddedd768.workers.dev/,bad
https://trezz-helps-start.teachable.com/l/products,bad
https://web-trezo-en-docs.teachable.com/l/products,bad
https://welcome-trezo-en-us.teachable.com/l/products,bad
https://view-location-bridge.teachable.com/l/products,bad
https://chilly-tools-467129.framer.app/,bad
https://welcome-doc-bridge-en.teachable.com/,bad
https://welcome-doc-bridge-en.teachable.com/,bad
http://app-start-io-trezor-web.webflow.io/,bad
https://trezorrsuitedownload.webflow.io/,bad
http://trezorrsuitedownload.webflow.io/,bad
http://trezorwdtiostrt.webflow.io/,bad
https://trezorwdtiostrt.webflow.io/,bad
https://u53735109.ct.sendgrid.net/ls/click?upn=u001.86TD1lTXEA-2BAfSZAodMbyb7BqmXMQdi-2FyVv-2FzS8I-2FGI-3D7X12_0SJ4xWp5qdyPRBOfXg8T-2BYrgTdYNCSCpqKvQBrEP2dBYBkl02DHMQMSZe-2B0GcIjp1BTGbltnfQUJBrp5ucbLnVt0DFZfvm0To2cuFmtqfsKhQSxV9HDWm42faaPBFJRJZduG7MOqgMAiBBUdFv2jxhXHCBRQXZtzQ8hunUxegqtRkH-2FbFlqIU1n-2F-2BE6-2Bu7qtrWD5g6kNuuncG8CDd-2By0D8wcctLJ1ahv9GVL-2BO-2BNR-2FoXMPZpkBB0JEROOCJ1Xtkc,bad
https://u53735109.ct.sendgrid.net/ls/click?upn=u001.86TD1lTXEA-2BAfSZAodMbyb7BqmXMQdi-2FyVv-2FzS8I-2FGI-3DuzWi_0SJ4xWp5qdyPRBOfXg8T-2BYrgTdYNCSCpqKvQBrEP2dBYBkl02DHMQMSZe-2B0GcIjpEnthnjc-2BncSQKG-2BPkzX-2ByIVnOgr3vcSEcogS3Zvd7uskjh00ezBVr7FLi9k-2Bjd45d9TN0vwBa7WOWC6-2FDZyRnePdbZC6bcGRe820KaUwQZkMglptr-2Fs2LuQyFChx4nmMKQRnT38N3AtNDU9iGF8F0iURhS9ntSesa3Q5yluW3nLVOOJ3bQ8HGcWweUrydW59,bad
"https://br.search.yahoo.com/?fr2=p:fprd,mkt:br",bad
"https://br.search.yahoo.com/?fr2=p:fprd,mkt:br",bad
https://y-e-tt-l.blingme.co.za/h/abn/index.php,bad
https://y-e-tt-l.blingme.co.za/h/abn/login.php,bad
http://rtezioriostrt.webflow.io/,bad
https://rtezioriostrt.webflow.io/,bad
https://www.lemonde.fr/,bad
https://franceconnect-antai-gouv.com/as.php,bad
https://amazon-20.netlify.app/,bad
https://pvermeulenbouwservice.nl/attdraftcontents/elecpropconsec/403.php,bad
https://bt-107681-103036.weeblysite.com/,bad
https://jade004222.wixstudio.com/my-site,bad
https://sshart7.wixsite.com/my-site-1,bad
https://jonraxworthy16.wixsite.com/my-site-1,bad
https://jenniecw.wixsite.com/my-site-1,bad
https://zfdlptw2htx4.swipepages.net/BT-EE-verifications-inc,bad
https://myeebroadband.plutio.com/p/form/k6ok3zQNBmxgDuCGi,bad
https://eebroadbannd.plutio.com/p/form/Y7hmnvoj6LpNcJDAL,bad
https://btbr0adband.plutio.com/p/form/DXDa9KdGBRGxL2zBF,bad
https://btnewv0icealert.weebly.com/,bad
https://dferwef4323d.weebly.com/,bad
https://btcom2768443.weebly.com/,bad
https://btmail73899030904.weebly.com/,bad
https://numerous-road-443978.framer.app/,bad
https://frank-plans-252739.framer.app/,bad
https://blinq.me/ML75hR93Nme6?bs=db,bad
https://bbtuytr3456754.weeblysite.com/,bad
https://bbbbb-102380.weeblysite.com/,bad
https://breezy-value-609227.framer.app/,bad
https://ammggall.wixstudio.com/my-site,bad
https://0000cd.weebly.com/,bad
https://9485uer.weebly.com/,bad
https://synectics.gr/csy/...../...../...../confirm/verify-all.html#redacted@abuse.ionos.com,bad
https://2f609y.share-eu1.hsforms.com/2kBqwjIx3QbSQsR0mlJKf7g,bad
https://app.jotform.com/251711450367150,bad
https://app.jotform.com/251712472370553,bad
https://app.jotform.com/251704960758566,bad
https://app.jotform.com/251712675205151,bad
https://app.jotform.com/251713069156558,bad
https://blinq.me/zfIYcXRezh1f?bs=db,bad
https://multiverseprotocol.netlify.app/,bad
https://share-eu1.hsforms.com/1j8hTt0pWT8OvdNjN_09epQ2f0xq8,bad
https://2f60mx.share-eu1.hsforms.com/2o-V2O17HQRKwTOl81hdSPA,bad
https://2f602l.share-eu1.hsforms.com/2bfpGC3C2S0S6kbj2vcRgLA,bad
https://muse.io/e-e-internetttt,bad
https://muse.io/new-untitled-site-c9c073,bad
https://2f2mnz.share-eu1.hsforms.com/2gQe9fSKWTTSjgb1xCG88RA,bad
https://2f60yv.share-eu1.hsforms.com/2-c8meYm3TpSRr67pRSGR-Q,bad
https://app.jotform.com/251712530568557,bad
https://eu.jotform.com/app/251715484459365,bad
https://itsbio.link/,bad
https://itsbio.link/,bad
https://banking-onlinebdo.3xkmxu7jav.workers.dev/login?value=7195120612,bad
https://eu.jotform.com/app/251710963796366,bad
https://blinq.me/uOi3Mp7Yw93b?bs=db,bad
https://blinq.me/OsUOfHbgcZkW?bs=db,bad
https://app.jotform.com/251711844567563,bad
https://muse.io/bt-internet-c9c073,bad
https://muse.io/bt-internet-c9c073,bad
https://simplest-emails-293957.framer.app/,bad
https://www.opinionstage.com/page/2faddda9-a86d-4741-98c2-176f8ec0afc7,bad
https://www.opinionstage.com/page/2faddda9-a86d-4741-98c2-176f8ec0afc7,bad
https://itsbio.link/htftyghg,bad
https://blinq.me/13DwMLuyifGN?bs=db,bad
https://paimentautoroute.dyndns-web.com:443/login_up.php,bad
https://paimentautoroute.dyndns-web.com/check,bad
https://blinq.me/THPhpeQmu3tl?bs=db,bad
https://blinq.me/eOlfVIemjVp8?bs=db,bad
http://bridge-trezoriostat-connect.webflow.io/,bad
https://bridge-trezoriostat-connect.webflow.io/,bad
https://trezoriosrtrt.webflow.io/,bad
http://trezoriosrtrt.webflow.io/,bad
http://m--app-start--ttrezor.webflow.io/,bad
https://m--app-start--ttrezor.webflow.io/,bad
https://blinq.me/6CLxUNt4zsBz?bs=db,bad
https://blinq.me/9pGtgc1Hg9qI?bs=db,bad
https://verificationsbi.com/,bad
https://absf4csecurity.co.za/nCavhTG/auth/login.php,bad
https://reby64nyhgdsrvjuh.weebly.com/,bad
https://attwebnetmailyghkb.typedream.app/,bad
https://mapreduce-job-process.vercel.app/,bad
https://walletcoinbase.webflow.io/,bad
https://site-at2okidz1.godaddysites.com/,bad
https://qrcodeveloper.com/code/YcvCiqwlVbd19JwV/,bad
https://u53661358.ct.sendgrid.net/ls/click?upn=u001.-2BWiX-2FIVEZHno7loHinbWvv-2FjxhGs9iT2fg-2FhCRo0J14Ej6XQbeCXpjKxf1uD8fuWZE-2B84mYVBBpmvN9GpRm6Pw-3D-3DiUKS_0SJ4xWp5qdyPRBOfXg8T-2BYrgTdYNCSCpqKvQBrEP2dDV-2F2dztqoKd2l8MPCV8DlyclAkmozO9egPqrzFOF7Wy-2BCZL9jasU-2Fwris-2Bd5W69czUehJGZzToWBeJZJOMRbSaL8X0hqe1yWEvMVw-2BDgicxOG1mQEgTzLlModLNqURjNZJXgwDCzAc0vanOqdosphzaqEPSUmz622LL9KHLZnNb3r4CAqdPSmbV-2F7K5v8IESyyRKUNXNxkA3smyedcvAMhMrCHq89aL4JvW7tdNgzk5Q-3D-3D,bad
https://tusprromosonliine.com/,bad
https://73887545.weebly.com/,bad
https://l.ead.me/jscontroller,bad
https://equable-wistful-poppyseed.glitch.me/,bad
https://ciinbassprolog.godaddysites.com/,bad
http://vakifonlinegiris.space/,bad
https://coiqeanbasse.godaddysites.com/,bad
https://recuperer-mon-argent-avec-wero-wallet-mp4o82jjwpuxbqbl.builder-preview.com/2,bad
https://recuperer-mon-argent-avec-wero-wallet-mp4o82jjwpuxbqbl.builder-preview.com/1,bad
https://recuperer-mon-argent-avec-wero-wallet-mp4o82jjwpuxbqbl.builder-preview.com/,bad
https://243074107.hs-sites-na2.com/discover?tracking=S1GuyqtNik5PVbJ2nGDgcz8T,bad
https://vistoonline.com/subsprofilecorp/rmtsidboard/403.php,bad
https://magicmd.ro/auditportallib/recreferal/403.php,bad
https://inhlanganyeloyamakristu.org.za/mntnr.june/secchdash/403.php,bad
https://att-currently-6-20-2025.weeblysite.com/,bad
https://att-currently-6-18-2025.weeblysite.com/,bad
https://att-currently-6-19-2025.weeblysite.com/,bad
https://app.jotform.com/251704487358566,bad
https://eu.jotform.com/app/251705724269360,bad
https://dash.blinq.me/?_dl=shareCard&cardId=cmbcakfnh38nzs60k8vp6tbv3&firstName=BRITISH&lastLame=TELECOMMUNICATION&email=ripley118@btinternet.com&phoneNumber&jobTitle&orgName&ref_card_id=cmbcakfnh38nzs60k8vp6tbv3&ref_card_org_id=RxPRTSlD62XjSZVvxPe4qfgrOJf2&ref_card_user_id=RxPRTSlD62XjSZVvxPe4qfgrOJf2&ref_viewer_id=anon_m5s1mhyk6tofuqmq54320y4k4wbalsnfediaw4x4y1kyuvlc,bad
https://dash.blinq.me/?_dl=shareCard&cardId=esEQ4FidKb1G&firstName&lastLame&email=imelda5@btinternet.com&phoneNumber&jobTitle&orgName&ref_card_id=esEQ4FidKb1G&ref_card_update_id=eUgcXX5tBKvTrPMTnnIjfXsneYaumfNaKTzoz1oObwAE3Mm0&ref_card_user_id=PsGzqkyZzfWLZ2Dufth8kT6N46U2&ref_viewer_id=anon_gt7h2dvr5ckz5fbs2jm3ukzybbth4g0c722s2ksjer96d8w1,bad
https://blinq.me/7ooMEIOU0zq5?bs=db,bad
https://blinq.me/4jpmYuZccjbA?bs=db,bad
https://blinq.me/MjA6QS4D6UZ2?bs=db,bad
https://blinq.me/RneTRHBqmEP0?bs=db,bad
https://blinq.me/v4vNS2XEQsut?bs=db,bad
https://blinq.me/dlYFf35tLk10?bs=db,bad
https://blinq.me/E6FsTWASdfem?bs=db,bad
https://blinq.me/YK3gtR37hgTz?bs=db,bad
https://blinq.me/VYk6TYZ704hi?bs=db,bad
https://blinq.me/ZDcfZXEWdwZG?bs=db,bad
https://blinq.me/nWeVESZ6RJmw?bs=db,bad
https://blinq.me/ORB8DIL6FRXd?bs=db,bad
https://blinq.me/GWIavqcB9cB6?bs=db,bad
https://blinq.me/EZ6rJMt6DCNq?bs=db,bad
https://blinq.me/cmb8yhilv0ir6s60l6re7rzd8?bs=db,bad
https://blinq.me/FNSnHDOmIFad?bs=db,bad
https://blinq.me/XD92tAIDwpIN?bs=db,bad
https://blinq.me/Yu3duFuXYfdY?bs=db,bad
https://blinq.me/K7RihgXKujN6?bs=db,bad
https://blinq.me/nA7kgFLjfG2c?bs=db,bad
https://nodefixup.pages.dev/walletpage,bad
http://web-help-trezor.com/,bad
https://metamask-verify.vercel.app/,bad
https://secure--sso-ndax-account.webflow.io/,bad
https://my-ndax-logii-cdn.webflow.io/,bad
https://coinbeaseextenssion.webflow.io/,bad
https://att-currently-6-21-2025.weeblysite.com/,bad
https://att-currently-6-20-2025.weeblysite.com/,bad
https://www.comercialvolpato.com.br/pza/Sites/,bad
https://ecosavetravention.com/a-1/,bad
http://v8.365f05.com/,bad
http://de.mechanicess.org/.well-known/acme-challenge/file/?email=J3mail@b.c,bad
https://www.laminat-almaty.kz/wordpress/service/NETAL/,bad
https://ecosavetravention.com/a-1/,bad
https://www.google.com/,bad
https://blinq.me/aKqjoypfcWyq?bs=db,bad
https://blinq.me/9MUINuHfPBNA?bs=db,bad
https://app.jotform.com/251705504706554,bad
https://blinq.me/gnYw2IVKr37z?bs=db,bad
https://blinq.me/q0r4CWZ7TO7d?bs=db,bad
https://blinq.me/bYSY8SXdgl9D?bs=db,bad
https://blinq.me/EGrXdZfRbf89?bs=db,bad
https://blinq.me/SMAbOsy1K74f?bs=db,bad
https://blinq.me/pf44eZ5LJQmM?bs=db,bad
https://blinq.me/D4UnnN4yg6ON?bs=db,bad
https://blinq.me/vNM16JW72ADf?bs=db,bad
https://blinq.me/9LP0hOFriniq?bs=db,bad
https://blinq.me/qdHJCNgxhnPo?bs=db,bad
https://blinq.me/VmMD7zMS2Kfm?bs=db,bad
https://blinq.me/usAyFh3Ksutp?bs=db,bad
https://blinq.me/sQaHTJmjHb50?bs=db,bad
https://blinq.me/cpPC3w10fhW7?bs=db,bad
https://blinq.me/DDg3UhIGWF3x?bs=db,bad
https://blinq.me/qQGUGM9C2fb3?bs=db,bad
https://blinq.me/cf0jzLTQRJ92?bs=db,bad
https://blinq.me/Dkoc5wrjU05t?bs=db,bad
https://blinq.me/I62uFd5Pssb8?bs=db,bad
https://blinq.me/wzThP4N71CeO?bs=db,bad
https://blinq.me/rDnU4WehjA3I?bs=db,bad
https://blinq.me/oO3lBOrdRMjY?bs=db,bad
https://net-helps-gate.com/,bad
https://net-helps-gate.com/app,bad
https://net-helps-gate.com/main,bad
https://net-helps-gate.com/captcha,bad
http://allegro.pl-kategorie812847571275125.icu/,bad
https://convivial-task-035271.framer.app/,bad
https://chatbot.page/thUfKi,bad
https://trqjaerwallet.webflow.io/,bad
http://iot-trezor-bridge.webflow.io/,bad
https://iot-trezor-bridge.webflow.io/,bad
http://aauth-start-ttzor.webflow.io/,bad
http://terzeer-iostartt.webflow.io/,bad
https://terzeer-iostartt.webflow.io/,bad
https://bouncy-substantial-error.glitch.me/,bad
https://att-currently-6-19-2025.weeblysite.com/,bad
https://backupyourtokennetwork.hosted.phplist.com/lists/lt.php?tid=fB8ABVACAQEDAEkOVAVUHwACBgEUVgNSAh5aBgALUFcGWlFVClVMAVMKBVNUUQAfAlwEBRQABQMGHgFVBQMYUQIAUFICVgRXUgkFSlIFVFcNBwsHFFICUVEeDAlXARhbUAEBTgtTBABVCwcAVABUCw,bad
https://116e704.wcomhost.com/dashbord/back/up/w-hold/,bad
https://116e704.wcomhost.com/dashbord/back/up/w-hold/Phantom.html,bad
https://blockchaindapptools.pages.dev/connect2,bad
http://directum.com.ar/,bad
https://d15k2d11r6t6rl.cloudfront.net/pub/pv0w/j7tzpupo/6ir/0nh/i8c/aren.html,bad
https://d15k2d11r6t6rl.cloudfront.net/pub/pv0w/j7tzpupo/6ir/0nh/i8c/aren.html,bad
https://bt-109423.weeblysite.com/,bad
https://bt-109423.weeblysite.com/,bad
https://did.li/4Hwx5,bad
http://12378zy.com/,bad
https://www-nomura.vd11g.com/mkzwm0/,bad
https://webs-start-en-us.teachable.com/l/products,bad
https://renouvellement-abonnements-netflix.com/,bad
https://renouvellement-abonnements-netflix.com/steps,bad
https://news.google.com/topstories,good
https://mail.google.com/mail/u/0/#inbox,good
https://support.microsoft.com/en-us/windows,good
https://developer.mozilla.org/en-US/docs/Web/JavaScript,good
https://en.wikipedia.org/wiki/Artificial_intelligence,good
https://accounts.spotify.com/en/login,good
https://store.steampowered.com/app/730/CounterStrike_Global_Offensive/,good
https://blog.cloudflare.com/,good
https://insights.stackoverflow.com/survey,good
https://newsroom.fb.com/news/,good
https://about.twitter.com/en/company,good
https://www.nytimes.com/section/technology,good
https://www.bbc.com/news/science_and_environment,good
https://www.cnn.com/business/media,good
https://aws.amazon.com/what-is-cloud-computing/,good
https://developer.apple.com/documentation/,good
https://www.reddit.com/r/technology/,good
https://www.linkedin.com/learning/,good
https://www.netflix.com/br-en/title/80057281,good
https://www.paypal.com/signin,good
https://www.dropbox.com/developers,good
https://www.canva.com/pt_br/aprenda/,good
https://www.office.com/launch/word,good
https://www.booking.com/hotel/br/,good
https://www.airbnb.com/s/Recife--Brazil/homes,good
https://www.imdb.com/title/tt4154796/,good
https://www.nasa.gov/mission_pages/webb/main/index.html,good
https://www.who.int/emergencies/diseases/novel-coronavirus-2019,good
https://www.adobe.com/creativecloud/plans.html,good
https://www.twitch.tv/directory/game/Just%20Chatting,good
https://www.roblox.com/games/,good
https://www.weather.com/weather/today/l/BRXX0232:1:BR,good
https://www.aliexpress.com/category/100003109/women-clothing.html,good
https://www.ebay.com/b/Apple-iPhones/9355/bn_319682,good
https://www.globo.com/economia/,good
https://www.uol.com.br/esporte/,good
https://g1.globo.com/tecnologia/,good
https://www.tiktok.com/@worldeconomicforum,good
https://learn.microsoft.com/en-us/azure/,good
https://support.apple.com/en-us/HT201222,good
https://www.google.com/search?q=python,good
https://maps.google.com/?q=New+York,good
https://news.bbc.co.uk/news/world,good
https://edition.cnn.com/2025/06/27/tech/article.html,good
https://shop.amazon.com/gp/product/B08N5WRWNW?th=1,good
https://developer.mozilla.org/en-US/docs/Web/JavaScript,good
https://support.apple.com/en-us/HT201222,good
https://en.wikipedia.org/wiki/Python_(programming_language),good
https://mail.google.com/mail/u/0/#inbox,good
https://drive.google.com/drive/folders/0BwwA4oUTeiV1TGRPeTVjaWRDY1E,good
https://github.com/python/cpython/issues?q=is%3Aissue+is%3Aopen,good
https://stackoverflow.com/questions/tagged/python?sort=newest,good
https://www.reddit.com/r/python/?sort=top&t=week,good
https://twitter.com/search?q=openai&src=typed_query,good
https://www.instagram.com/explore/tags/python/,good
https://www.netflix.com/watch/80057281?trackId=14277282&tctx=0%2C0%2C8a6d5b7e,good
https://www.spotify.com/us/account/overview/,good
https://www.adobe.com/creativecloud.html?promoid=12345,good
https://www.dropbox.com/home/Projects?preview=report.pdf,good
https://www.twitch.tv/directory/game/Just%20Chatting,good
https://medium.com/tag/python/latest,good
https://quora.com/topic/Python-programming-language?filter=top,good
https://www.pinterest.com/search/pins/?q=python&rs=typed,good
https://www.yelp.com/search?find_desc=coffee&find_loc=New+York%2C+NY,good
https://www.ebay.com/itm/1234567890?hash=item1c23456789:g:ABCDEF12345,good
https://www.nationalgeographic.com/animals/mammals/facts/dolphins,good
https://www.bloomberg.com/markets/stocks?query=technology,good
https://www.forbes.com/sites/tech/?sh=123456789abc,good
https://www.nike.com/t/air-max-270-mens-shoe-KkLcGR,good
https://www.tesla.com/models?redirect=no,good
https://www.airbnb.com/rooms/12345678?adults=2&children=1,good
https://www.booking.com/hotel/us/example.html?checkin=2025-07-01&checkout=2025-07-07,good
https://www.salesforce.com/products/platform/overview/?d=70130000000TZXvAAO,good
https://slack.com/signin?redir=%2Fclient,good
https://www.etsy.com/search?q=handmade+gifts&page=2,good
https://www.paypal.com/us/home?sessionID=xyz123abc,good
https://zoom.us/j/1234567890?pwd=abcdefg123456,good
https://www.oracle.com/database/technologies/?utm_campaign=123&utm_medium=email,good
https://www.mozilla.org/en-US/firefox/new/?utm_source=mozilla&utm_medium=referral,good
https://www.walmart.com/ip/123456789?selected=true,good
https://www.target.com/p/example-product/-/A-12345678,good
https://www.cnet.com/news/?tag=latest,good
https://weather.com/weather/today/l/USNY0996:1:US,good
https://stackoverflow.com/users/1234567/user-name?tab=answers,good
https://soundcloud.com/artist-name/track-name,good
https://www.ted.com/talks/speaker_name_title?language=en,good
https://www.khanacademy.org/science/physics/work-and-energy,good
https://www.udemy.com/course/python-for-beginners/?couponCode=FREE2025,good
https://www.coursera.org/learn/machine-learning?specialization=ai,good
https://news.google.com/rss?hl=pt-BR&gl=BR&ceid=BR:pt-419,good
https://translate.google.com/?sl=en&tl=pt&text=hello%20world&op=translate,good
https://accounts.google.com/ServiceLogin?service=mail,good
https://www.youtube.com/watch?v=dQw4w9WgXcQ&t=42s,good
https://www.linkedin.com/in/satyanadella/,good
https://developer.mozilla.org/pt-BR/docs/Web/HTML/Element/a,good
https://support.microsoft.com/pt-br/help/4028443/windows-10-how-to-use-windows-hello,good
https://chat.openai.com/chat?model=gpt-4,good
https://console.cloud.google.com/apis/dashboard?project=my-project-id,good
https://www.npmjs.com/package/react-router-dom,good
https://pypi.org/project/requests/,good
https://github.com/tensorflow/tensorflow/blob/master/README.md,good
https://medium.com/@andrewohara/top-10-cybersecurity-predictions-for-2025-fbcd6c0b13a,good
https://www.kaggle.com/datasets/sudalairajkumar/novel-corona-virus-2019-dataset,good
https://www.nature.com/articles/s41586-020-2649-2,good
https://store.steampowered.com/app/730/CounterStrike_Global_Offensive/,good
https://www.imdb.com/title/tt4154796/?ref_=fn_al_tt_1,good
https://edition.cnn.com/travel/article/world-best-tourist-destinations-2025/index.html,good
https://www.bbc.com/news/science-environment-56837908,good
https://api.whatsapp.com/send?phone=5511999999999&text=Ol%C3%A1%2C%20tudo%20bem%3F,good
https://www.sympla.com.br/evento/workshop-de-python-para-iniciantes/123456,good
https://www.gov.br/receitafederal/pt-br/assuntos/meu-imposto-de-renda,good
https://web.whatsapp.com/send?phone=+5511988888888,good
https://www.researchgate.net/publication/334509714_Deep_Learning_in_Cybersecurity,good
https://www.sciencedirect.com/science/article/pii/S0167739X20318057,good
https://dl.acm.org/doi/10.1145/3366423.3380105,good
https://arxiv.org/abs/2302.00001,good
https://www.sefaz.rs.gov.br/NFE/NFE-Utilizacao.aspx,good
https://www.mercadolivre.com.br/monitor-lg-29-ultrawide/p/MLB12345678,good
https://www.submarino.com.br/produto/1349822919,good
https://dev.to/rubemfsv/como-escrever-bom-codigo-em-python-4m94,good
https://app.rocketseat.com.br/discover/course/reactjs-navegando-entre-paginas,good
https://status.github.com/messages,good
https://status.slack.com/2025-06-27,good
https://www.cloudflare.com/learning/ssl/what-is-an-ssl-certificate/,good
https://portaldatransparencia.gov.br/servidores/consulta?ano=2024&mes=12,good
https://www.gov.br/anvisa/pt-br/assuntos/medicamentos,good
https://www.serasa.com.br/consulta-cpf/,good
https://www.remessaonline.com.br/cotacao/cambio,good
https://br.investing.com/equities/vale-on-nm,good
https://br.tradingview.com/chart/?symbol=BMF%3AVALE3,good
https://www.infomoney.com.br/mercados/acoes/,good
https://economia.uol.com.br/cotacoes/,good
https://www.terra.com.br/noticias/brasil/,good
https://g1.globo.com/economia/noticia/2025/06/27/dolar-comercial-fecha-em-alta.ghtml,good
https://www.coursera.org/learn/machine-learning?specialization=ai,good
https://classroom.google.com/u/1/c/NjA0Njk4MjM0M1pa,good
https://open.spotify.com/playlist/37i9dQZF1DXdPec7aLTmlC,good
https://mail.proton.me/u/0/inbox,good
https://web.telegram.org/k/#@CanalTesteExemplo,good
https://www.alura.com.br/artigos/entendendo-o-dom-e-a-arvore-dom,good
https://canaltech.com.br/internet/o-que-e-vpn-e-como-funciona-199488/,good
https://www.dio.me/articles/entendendo-o-que-e-api-de-uma-forma-simples,good
https://github.com/orgs/openai/repositories?q=chatgpt,good
https://huggingface.co/spaces/yuntian-deng/ChatGPT,good
https://nextjs.org/docs/pages/building-your-application/routing,good
https://vercel.com/docs/concepts/projects/overview,good
https://api.openweathermap.org/data/2.5/weather?q=Sao%20Paulo&appid=SEU_TOKEN,good
https://play.google.com/store/apps/details?id=com.whatsapp,good
https://apps.apple.com/us/app/telegram-messenger/id686449807,good
https://www.jetbrains.com/pycharm/download/?section=windows,good
https://docs.python.org/3/library/datetime.html,good
https://fastapi.tiangolo.com/tutorial/query-params-str-validations/,good
https://flask.palletsprojects.com/en/2.3.x/quickstart/,good
https://pandas.pydata.org/docs/user_guide/index.html,good
https://scikit-learn.org/stable/modules/generated/sklearn.ensemble.RandomForestClassifier.html,good
https://www.tensorflow.org/tutorials/images/classification,good
https://keras.io/api/layers/core_layers/dense/,good
https://matplotlib.org/stable/gallery/index.html,good
https://seaborn.pydata.org/examples/index.html,good
https://numpy.org/doc/stable/reference/random/generated/numpy.random.rand.html,good
https://jupyter.org/try-jupyter/lab/,good
https://colab.research.google.com/drive/1Xyz123abc456DEF789gHIjklMnO/view?usp=sharing,good
https://mybinder.org/v2/gh/binder-examples/requirements/HEAD,good
https://replit.com/@OpenAI/ChatGPT-Clone?v=1,good
https://glitch.com/edit/#!/chatbot-project,good
https://www.digitalocean.com/community/tutorials/how-to-use-nginx-as-a-reverse-proxy,good
https://www.linode.com/docs/guides/installing-docker-on-ubuntu-22-04/,good
https://www.heroku.com/pricing,good
https://dashboard.render.com/web/services,good
https://railway.app/new,good
https://supabase.com/docs/guides/getting-started,good
https://firebase.google.com/docs/hosting,good
https://console.aws.amazon.com/s3/home,good
https://console.cloud.google.com/storage/browser,good
https://portal.azure.com/#blade/HubsExtension/BrowseResourceBlade/resourceType/Microsoft.Storage%2FStorageAccounts,good
https://www.cloudflare.com/dns/,good
https://pages.github.com/,good
https://netlify.com/blog/2023/01/01/introducing-new-edge-functions/,good
https://vitejs.dev/guide/,good
https://eslint.org/docs/latest/use/configure/,good
https://prettier.io/playground/,good
https://tailwindcss.com/docs/installation,good
https://getbootstrap.com/docs/5.3/getting-started/introduction/,good
https://fontawesome.com/docs/web/setup/host-yourself/,good
https://fonts.google.com/specimen/Roboto,good
https://www.notion.so/openai/OpenAI-Product-Roadmap-e3a1b3cf6ed34a2c911527b7033dbcc2,good
https://www.figma.com/file/abc123/Design-System?type=design&node-id=0-1,good
https://miro.com/app/board/uXjVOPzAB4Q=/,good
https://lucidchart.com/documents/view/abcd-1234-5678-efgh,good
https://trello.com/b/xyz987/kanban-board,good
https://bit.ly/m/oiudgwyhak,bad
https://www.opinionstage.com/page/67605440-a97d-410a-a095-143322727564,bad
https://docs.zoom.us/doc/AiwxYL0dQaCqhZ6Mk7O5uw,bad
http://allegrolokalnie.oferta4321.shop/,bad
https://www.lemonde.fr/,bad
https://www.lemonde.fr/,bad
https://s3.us-east-2.amazonaws.com/opmanwhyu/Vcaptcha.html,bad
https://presidencygroup.org/.wp-lncludes/#rjohns@texasbankandtrust.com,bad
https://han.gl/NPKtr,bad
https://cryptoactivation.webflow.io/,bad
https://temporallogic.org/research/TACAS18/task/wetranfa/transferwe/index.html,bad
https://twitter.com/safety/unsafe_link_warning?unsafe_link=https://msmkuhny.ru/amxs.html,bad
https://barconminc.com/,bad
https://forms.cloud.microsoft/pages/responsepage.aspx?id=DQSIkWdsW0yxEjajBLZtrQAAAAAAAAAAAAN__lbpP8RUNDJSREZQVFpNVVFFVTc5R0Y1OUxXSzNXUC4u&route=shorturl,bad
https://metamaskloginef.webflow.io/,bad
https://afifmodern.com/wp-admin/fmp/bmp.html,bad
https://welcome-com-uphold-cdn.teachable.com/l/products,bad
https://twitter.com/safety/unsafe_link_warning?unsafe_link=https://thearabunion.com/xmp/vcmp.html,bad
https://trzjor-suite-secure.teachable.com/l/products,bad
http://terezoriostaart.newzenler.com/,bad
https://terezoriostaart.newzenler.com/,bad
https://trzr-start-public.teachable.com/l/products,bad
https://treazorhardwarewallett.gitbook.io/usa,bad
https://en-exodus-us.github.io/en-us/,bad
https://start-docs-trizorrx.vercel.app/,bad
https://start-docs-trizorrx.vercel.app/,bad
https://trezor-suite.vercel.app/,bad
https://trezor-suite.vercel.app/,bad
https://www.mediafire.com/error.php?errno=323&quickkey=opnwc3ggb9fdumc&origin=download,bad
https://payement-telepeage-autoroute.com/check,bad
https://rebrandly.info/stop,bad
https://rebrand.ly/cc0c83?rb.routing.mode=proxy&rb.routing.signature=451910,bad
http://avologypro.com/css/mailhost/main/root/web.mail.verify/login/Login%20Inbox.html#admin@example.com,bad
https://web-eng-bridge-doc.teachable.com/l/products,bad
https://www.lemonde.fr/,bad
https://www.lemonde.fr/,bad
http://allegro.pl-oferta3642127.shop/,bad
https://blinq.me/tbOOjBks5QsR?bs=db,bad
https://blinq.me/TCeRVLdsP3o2?bs=db,bad
https://blinq.me/IvMhoFKHBbfj?bs=db,bad
https://blinq.me/xIiNJhR3641I?bs=db,bad
https://blinq.me/3HmoKqQl4fhO?bs=db,bad
https://blinq.me/TWVOF939dgJi?bs=db,bad
https://blinq.me/oTQWjD1aZqcX?bs=db,bad
https://blinq.me/Mc6PtQXGp4Fs?bs=db,bad
https://blinq.me/cmc31af4w0e4fs60mbpw6nbw9?bs=db,bad
https://blinq.me/8bJymKj7XE6w?bs=db,bad
https://blinq.me/cmbcakfnh38nzs60k8vp6tbv3?bs=db,bad
https://blinq.me/xJ3mYKKL8bVn?bs=db,bad
https://itsbio.link/,bad
https://blinq.me/TyRw3XE6rqlX?bs=db,bad
https://popl.co/card/B07a6TDC/1,bad
https://btcome273434.weebly.com/,bad
https://popl.co/card/DHedrM4X/1,bad
https://blinq.me/9tESTPNGUtHi?bs=db,bad
https://twitter.com/safety/unsafe_link_warning?unsafe_link=https://vkir331.com/jp,bad
https://twitter.com/safety/unsafe_link_warning?unsafe_link=https://gyieho3.com/jp,bad
https://higher-property-987054.framer.app/,bad
https://taplanding.com/baxz8mbzqb,bad
http://ier.m-pages.com/404.html,bad
https://frequent-level-736304.framer.app/,bad
https://interet-free.com/pages/banks/cic/index.php,bad
https://blinq.me/6HreufBFQGOd?bs=db,bad
https://interet-free.com/pages/banks/cmu/index.php,bad
https://blinq.me/3j48cxP9zPbt?bs=db,bad
https://twitter.com/safety/unsafe_link_warning?unsafe_link=https://hyhq457.com/jp,bad
https://twitter.com/safety/unsafe_link_warning?unsafe_link=https://stwzv55.com/jp,bad
https://twitter.com/safety/unsafe_link_warning?unsafe_link=https://idbj891.com/jp,bad
https://twitter.com/safety/unsafe_link_warning?unsafe_link=https://zyaxtp6.com/jp,bad
https://bazg-admin-schweiz.com/admin/1/via.admin.ch.php?data=update,bad
https://blinq.me/CWhM2Txzn3JE?bs=db,bad
https://brukins.weeblysite.com/,bad
https://blinq.me/c9ch3epxe1rC?bs=db,bad
https://blinq.me/qTMx7eUGI8At?bs=db,bad
https://eu.jotform.com/app/251675772663569,bad
https://blinq.me/5jgF1CSFr0mG?bs=db,bad
https://lovable-job-648398.framer.app/,bad
https://samdarcy11.wixstudio.com/my-site-2,bad
https://blinq.me/HMcXfcXpNza7?bs=db,bad
https://blinq.me/llIfmosaKOEY?bs=db,bad
https://blinq.me/cOgYUt0WRxZL?bs=db,bad
https://blinq.me/XVu9rbv5Z9pG?bs=db,bad
https://blinq.me/udHJtfgSvehR?bs=db,bad
https://blinq.me/cmc3llzmg2j7bs60l4lh4ygp4?bs=db,bad
https://btemailauth-106763.weeblysite.com/,bad
https://blinq.me/9eQa6B57rHih?bs=db,bad
https://blinq.me/HGnFzcuG3Gd3?bs=db,bad
https://aqua-aims-811710.framer.app/,bad
https://blinq.me/rSQOLW9ZKTm1?bs=db,bad
https://dskdirect.bg/page/default.aspx?xml_id=/bg-BG/.login,bad
https://blinq.me/TG2eF6I7DxGi?bs=db,bad
https://blinq.me/B7nK84SgWA9W?bs=db,bad
https://eu.jotform.com/app/251693173352357,bad
http://allegrolokalnie.pl-oferta9443.icu/,bad
https://sd5a94.duckdns.org/,bad
http://sbinew.accuracy.icu/sbisern,bad
http://allegrolokalnie.pl-oferta9244.icu/,bad
http://allegro.pl-83173.icu/,bad
https://thomasben0214.wixsite.com/my-site-2,bad
http://trezrhardwrwalt.webflow.io/,bad
https://p-ssso-coinbase-auth-m-auth.webflow.io/,bad
https://metamaskloginef.webflow.io/,bad
https://autho--content-staking-cdn-en.webflow.io/,bad
http://autho--content-staking-cdn-en.webflow.io/,bad
https://mtameskloginn.webflow.io/,bad
http://allegrolokalnie.oferta-1637510.shop/,bad
https://hm.ru/,bad
https://hm.ru/,bad
https://hm.ru/,bad
https://nfz-pl.ddns-ip.net/MJ/ALNZ/HU/,bad
https://twitter.com/safety/unsafe_link_warning?unsafe_link=https://vymp770.com/jp,bad
https://twitter.com/safety/unsafe_link_warning?unsafe_link=https://idjq083.com/jp,bad
https://twitter.com/safety/unsafe_link_warning?unsafe_link=https://hltsbe0.com/jp,bad
https://twitter.com/safety/unsafe_link_warning?unsafe_link=https://puxr830.com/jp,bad
https://halkidiki-realestate.gr/captcha,bad
https://halkidiki-realestate.gr/,bad
http://allegrolokalnie.pl-oferta8446785.icu/,bad
http://en-torzer-suite.github.io/,bad
http://io-docs-en-trzur.github.io/,bad
https://io-docs-en-trzur.github.io/,bad
http://welcome-trzor-us.github.io/en-us,bad
https://welcome-trzor-us.github.io/en-us/,bad
https://docs.google.com/presentation/d/e/2PACX-1vTWsmRXmFNwiUO32pWdarn1WqAVNXGWjOeuGxP4Pg4jBy5Rnq_ynGWmdN7XVU4ttETgiQFyfuWU7lzK/pub?start=false&amp;loop=false&amp;delayms=3000,bad
https://firma-digital-cr-2025.web.app/servicios,bad
https://att-login06.weebly.com/,bad
https://netfl-x.vercel.app/,bad
https://pub-dd597af1f38447dbaa2eceb07468ed02.r2.dev/AT&amp;T2025%20-%20Copy.html,bad
https://pub-2cfaf3fe04324295b0e5009011c18b3b.r2.dev/ntxc.html,bad
http://allegrolokalnie.oferta-274913.shop/,bad
https://pub-acf98ec5ca734308a995680ccac005e1.r2.dev/blobbof.html,bad
https://twitter.com/safety/unsafe_link_warning?unsafe_link=https://1-tr.ru/bof.html,bad
https://pub-6af4cea8c0404d3f95d87a79fc6e7206.r2.dev/vm.html,bad
https://messagerie-orange-pro.mystrikingly.com/i/construction,bad
http://tnidytpjzx.duckdns.org/en/,bad
http://allegro.pl-kategorie89128318237875.icu/,bad
https://href.li/?https://www.google.com/search?q=ncsecu+login,bad
https://docs.google.com/presentation/d/e/2PACX-1vTWsmRXmFNwiUO32pWdarn1WqAVNXGWjOeuGxP4Pg4jBy5Rnq_ynGWmdN7XVU4ttETgiQFyfuWU7lzK/pub,bad
https://help-hardware-eng.pages.dev/,bad
https://nersur.pages.dev/wallet2/,bad
https://sparkasse-spushtan2.com.de/,bad
https://allegro.pl-ofertax081247.shop/,bad
http://allegrolokalnie.pl-oferta3642127.shop/,bad
https://allegrolokalnie.064060.shop/?id=9nn5mNogEAaHhcF2If9bfn4hndgIF0,bad
http://firstcorporationllc-property.ru/,bad
https://app.jotform.com/251692439172563,bad
https://blinq.me/UYNyQtArnauL?bs=db,bad
https://jkhgdffghj.weeblysite.com/,bad
https://docs.google.com/presentation/d/e/2PACX-1vT7aJpLDxXX0fwOu8g_JONanHEFBMV1oXjN77mMdrETUaGBX2ltkn-2uhAudEZ8FDvFAzLay6tjrgf1/pub,bad
https://fpatletismo.org/siteprotection/synthetic/someone@example.com,bad
http://allegro.pl-oferta9833.icu/,bad
http://allegrolokalnie.pl-oferta9833.icu/,bad
https://hemichemical.com.mx/web/ionos.html,bad
http://docs-bridge-trezzor-autth.webflow.io/,bad
https://server560753.nazwa.pl/dkb_2/login.php,bad
http://borris9999.m-pages.com/404.html,bad
https://www.lemonde.fr/,bad
https://www.lemonde.fr/,bad
https://shoutout.wix.com/so/6aPTuRb8y#4bygvk14331thev478fhmpozhegr1625PTADKOCQZPBCFUZ3686XLLD1933l19,bad
https://en-brdge-learn.teachable.com/l/products,bad
https://blinq.me/ZaHrHCZ2wLZO?bs=db,bad
https://accounts.google.com/v3/signin/identifier?continue=https%3A%2F%2Fsites.google.com%2Fview%2Fweb-de-webm-aps2%3Fusp%3Dsharing&followup=https%3A%2F%2Fsites.google.com%2Fview%2Fweb-de-webm-aps2%3Fusp%3Dsharing&ifkv=AdBytiN2l3IzXqAvt48MG9yRRFCUCTmD85VAzFvRWHFC3p48kdNgmFoiCewUiVKWMSInLtJYTtUICQ&osid=1&passive=1209600&flowName=WebLiteSignIn&flowEntry=ServiceLogin&dsh=S-2096905665%3A1751019970396698,bad
https://twitter.com/safety/unsafe_link_warning?unsafe_link=https://smbccardo.cloud/jp,bad
https://twitter.com/safety/unsafe_link_warning?unsafe_link=https://smbccardo.world/jp,bad
https://twitter.com/safety/unsafe_link_warning?unsafe_link=https://smbccardo.top/jp,bad
https://twitter.com/safety/unsafe_link_warning?unsafe_link=https://smbccardo.xyz/jp,bad
https://twitter.com/safety/unsafe_link_warning?unsafe_link=https://zqy99.com/jp,bad
https://twitter.com/safety/unsafe_link_warning?unsafe_link=https://amc38.com/jp,bad
https://twitter.com/safety/unsafe_link_warning?unsafe_link=https://fnp66.com/jp,bad
https://twitter.com/safety/unsafe_link_warning?unsafe_link=https://hqs68.com/jp,bad
https://protobase.webflow.io/wallet,bad
https://7df57ea2.interface-dfs.pages.dev/,bad
https://btwebmailsservices.weebly.com/,bad
https://ledtvrepairservice.com/log/6563738/,bad
https://ledtvrepairservice.com/log/,bad
http://dev2.solidsolutions.co.uk/assets/mk.htm,bad
http://blubanking4you.it/def/login.php,bad
https://878032701804357642.weebly.com/,bad
https://puzzled-bramble-beam.glitch.me/#info@mup.cz,bad
https://puzzled-bramble-beam.glitch.me#info@mup.cz,bad
https://page-account-verification-support-d-snowy.vercel.app/violate/appeal.html,bad
https://radiancesalt.com/BGF/edarw/qase/web/authen.php?web/auth/arub12#/dashboard/overviewAccounts/overview/index=NbxFPO4tgMjyU4p2av3A1lTcKhMmkSc84JNUySnOEHmzLMBWiEwjZqvJIi63bibf2Y9AQxoveL40xGXP,bad
https://radiancesalt.com/BGF/edarw/qase/web/authen.php?web/auth/arub12#/dashboard/overviewAccounts/overview/index=Y1xHXHcaX8U1UrDhyrvrGYUP5EwrIjKHkioi0AtXJnZDPDVn5qPMpJBun7V6rGNLZc4ZNxXwVXaKA58F,bad
https://beacons.ai/reviewyourinfomation,bad
https://rebrand.ly/af4ee1?rb.routing.mode=proxy&rb.routing.signature=69752,bad
https://docs.google.com/forms/d/e/1FAIpQLScfjjlQTLKEdMf89Ed_SDGRDe61A0MF7zbMzIAfOO13WV5QiQ/viewform,bad
http://dev2.solidsolutions.co.uk/wp-content/themes/twentytwenty/inc/mk.htm,bad
https://nndjjdfas.weebly.com/,bad
https://my-my--ndax-aauth.webflow.io/,bad
https://pub-0296386715d84491a053d05610298e02.r2.dev/zmb.html,bad
https://twitter.com/safety/unsafe_link_warning?unsafe_link=https://smbccardo.ink/jp,bad
https://twitter.com/safety/unsafe_link_warning?unsafe_link=https://smbccardo.work/jp,bad
https://twitter.com/safety/unsafe_link_warning?unsafe_link=https://smbccardo.icu/jp,bad
https://twitter.com/safety/unsafe_link_warning?unsafe_link=https://smbccardo.cyou/jp,bad
http://web-app-trzore.dora.run/,bad
https://web-app-trzore.dora.run:443/,bad
http://trezowaitio.webflow.io/,bad
https://trezowaitio.webflow.io/,bad
https://trezoerriostartst.webflow.io/,bad
https://auth--trezsurwalleth-need.webflow.io/,bad
http://trexoerwallet.webflow.io/,bad
https://trexoerwallet.webflow.io/,bad
https://welltetarxor.webflow.io/,bad
http://v4-pancakeswap.pages.dev/,bad
https://v4-pancakeswap.pages.dev/,bad
https://pontosnotifica.co/P3Qkb,bad
https://docs.google.com/presentation/d/e/2PACX-1vTe_o8ByvbYzp9FPmA0LiKYmdwGKgWGr6WLPSdoLkrmHAfNLomf9a4v-QtV5ZFFKKgJBlpkC-G5i_uI/pub?start=false&amp;loop=false&amp;delayms=3000,bad
https://docs.google.com/presentation/d/e/2PACX-1vTjDe5VFMBn5L7EdPgregGpETDKBxuxonKqw8rwXG7CIYuBPgvIZTA-ucgYsiUFB1JgHZfB208o1_XC/pub,bad
https://access-en-ledger.teachable.com/p/home,bad
https://www.icngm.cc/info?ref=eDdrOmJzYnNfMTc1MDI4MzY3NA&amp;ls=jJeWmYuFys6aiNGNypONkJeQjMuZnsuav52TkJjRl56LmpGe0ZGa0ZWP&amp;utm_campaign%3Dbsbs%26ts%3D1750283674,bad
https://sermucje2.duckdns.org/mufg,bad
https://sermucje3.duckdns.org/mufg,bad
https://sermucje4.duckdns.org/mufg,bad
https://allegrolokainie.pl-conformation95.shop/,bad
http://tiigvtpnxv.duckdns.org/en/,bad
http://allegro.pl-conformation95.shop/,bad
https://currentlymail0.weebly.com/,bad
https://qrs.ly/7wgrwjn?2ekuZ,bad
https://renouve-mon-colis.com/fr/m/,bad
https://renouve-mon-colis.com/,bad
https://renouve-mon-colis.com/captcha.php,bad
https://pmplanning.systeme.io/ab81311c,bad
https://surveyheart.com/form/648a113cde36994bacfe299b,bad
https://pb-triage.com/search,bad
https://eurotripblog.com/,bad
https://depotage-prio.com/search,bad
https://docom-axioain.wowwuw.cn/authuo/cgiarlonidlogin/,bad
https://openai.com/blog/chatgpt,good
https://openai.com/research/gpt-4,good
https://platform.openai.com/account/usage,good
https://accounts.google.com/o/oauth2/v2/auth?client_id=abc123&redirect_uri=https://example.com/callback,good
https://console.developers.google.com/apis/dashboard?project=my-gpt-project,good
https://www.cloudflarestatus.com/history.atom,good
https://workspace.google.com/intl/pt-BR/products/,good
https://www.w3schools.com/jsref/prop_win_location.asp,good
https://www.geeksforgeeks.org/python-programming-language/,good
https://www.codecademy.com/learn/learn-python-3,good
https://realpython.com/working-with-files-in-python/,good
https://towardsdatascience.com/how-to-build-a-url-classifier-bf7b6e0d6c5d,good
https://machinelearningmastery.com/faq/single-faq/what-is-the-best-way-to-normalize-data,good
https://learn.microsoft.com/en-us/training/modules/create-ml-models-with-python/,good
https://azure.microsoft.com/en-us/products/machine-learning/,good
https://docs.aws.amazon.com/sagemaker/latest/dg/how-it-works-training.html,good
https://registry.terraform.io/providers/hashicorp/aws/latest/docs,good
https://developer.hashicorp.com/terraform/cli/commands,good
https://circleci.com/docs/2.0/configuration-reference/,good
https://www.jenkins.io/doc/book/pipeline/syntax/,good
https://about.gitlab.com/stages-devops-lifecycle/continuous-integration/,good
https://www.docker.com/products/docker-desktop/,good
https://hub.docker.com/_/python,good
https://docs.docker.com/compose/compose-file/,good
https://kubernetes.io/docs/concepts/overview/what-is-kubernetes/,good
https://helm.sh/docs/intro/using_helm/,good
https://grafana.com/docs/grafana/latest/dashboards/,good
https://prometheus.io/docs/introduction/overview/,good
https://logtail.com/blog/what-is-observability/,good
https://www.elastic.co/guide/en/elasticsearch/reference/current/index.html,good
https://datadoghq.com/blog/log-management/,good
https://newrelic.com/platform,good
https://www.cloudflare.com/learning/cdn/what-is-a-cdn/,good
https://httpbin.org/get?param1=value1,good
https://reqres.in/api/users?page=2,good
https://jsonplaceholder.typicode.com/posts/1/comments,good
https://pokeapi.co/api/v2/pokemon/pikachu,good
https://swapi.dev/api/people/1/,good
https://rickandmortyapi.com/api/character/2,good
https://catfact.ninja/fact,good
https://dog.ceo/api/breeds/image/random,good
https://ipinfo.io/json,good
https://icanhazip.com/,good
https://api.github.com/repos/octocat/hello-world,good
https://api.spacexdata.com/v4/launches/latest,good
https://datausa.io/api/data?drilldowns=Nation&measures=Population,good
https://wttr.in/Sao%20Paulo?format=j1,good
https://timeapi.io/api/Time/current/zone?timeZone=America/Sao_Paulo,good
https://status.openai.com/history,good
https://developers.facebook.com/tools/explorer/?method=GET&path=me%3Ffields%3Did%2Cname,good
https://developers.google.com/maps/documentation/javascript/examples/marker-simple,good
https://maps.googleapis.com/maps/api/geocode/json?address=Sao+Paulo&key=YOUR_API_KEY,good
https://console.firebase.google.com/project/_/database/firestore/data/~2Fusers~2Fuser123,good
https://auth0.com/docs/secure/attack-protection,good
https://learn.microsoft.com/pt-br/azure/active-directory-b2c/,good
https://registro.br/2/whois?search=google.com.br,good
https://web.dio.me/home?tab=skills,good
https://api.github.com/users/octocat/orgs,good
https://npmjs.com/search?q=express,good
https://fonts.googleapis.com/css2?family=Roboto:wght@400;700&display=swap,good
https://assets-global.website-files.com/5d123456abcde0123456abcd/js/webflow.js,good
http://docs-trezr-cdnn.webflow.io/,bad
https://docs-trezr-cdnn.webflow.io/,bad
https://blinq.me/Tez5wJOLYVfW?bs=db,bad
https://blinq.me/wTq7x50JSmkn?bs=db,bad
https://share.hsforms.com/1sU_508-5Tgm0RsIVFkcmyAt3hqt,bad
https://nurtured-tone-990974.framer.app/,bad
https://btcommunity5.wixsite.com/my-site-1,bad
https://silent-team-047550.framer.app/,bad
https://allegrolokalnie.pl-paczki.shop/,bad
https://allegrolokalnie.pl-conformation97.shop/,bad
http://allegrolokainie.pl-conformation97.shop/,bad
http://allegrolokainie.pl-paczki.shop/,bad
http://allegrolokalne.pl-conformation97.shop/,bad
https://allegrolokalne.pl-paczki.shop/,bad
http://allegro.pl-conformation85.shop/,bad
http://allegrolokainie.pl-conformation85.shop/,bad
http://dsphpbb.net/VOICE.ATT.html,bad
https://blinq.me/Tp86LsmuOjsO,bad
https://pub-f72b13056e7b4d688ddf9e73f4f812d0.r2.dev/genPg.html#ZEdWemRFQmtZbk11WTI5dA==&amp;excel,bad
https://allegrolokalne.pl-conformation93.shop/,bad
https://allegrolokalnie.pl-conformation93.shop/,bad
https://allegrolokainie.pl-conformation93.shop/,bad
http://allegro.pl-conformation93.shop/,bad
https://kj36yys-cancelar-eyecijesbc.weebly.com/,bad
https://blinq.me/AuKovvsKoA3d?bs=db,bad
https://blinq.me/zyl8KWJdj0kn?bs=db,bad
https://blinq.me/GVv5ZJLY83uL?bs=db,bad
https://blinq.me/I2328V3PhNB6?bs=db,bad
https://blinq.me/UXFWNu7jaHK8?bs=db,bad
https://vl0ce95.weebly.com/,bad
https://blinq.me/0dnhBSB23aDK?bs=db,bad
http://hyppertechno.weebly.com/,bad
https://btinternetuhxgcdbsdcv.weebly.com/,bad
http://g5parameters.com/,bad
http://newservicedotup.de/,bad
http://checkinthebus.x10.bz/,bad
http://allegrolokalnie.kategorie-promowane-inne-1831.sbs/,bad
http://allegrolokalnie.kategorie-promowane-inne-1831.sbs/aukcja/iphone-13-pro-max-256-gb-768632,bad
http://allegro.pl-oferta5456170.icu/,bad
http://allegrolokalnie.pl-oferta3685877.icu/,bad
https://docs.google.com/presentation/d/e/2PACX-1vQ_nbI4xAg1b4rTFTJgsJaVPNcMwNSzm-5ZXtrKJ0FFXUMZVfC_FCImQNCic4qD9WmERvbcoxtrLc69/pub,bad
https://www.tvrepairannarbor.net/log/,bad
http://cdn-trezo-public.github.io/en-us,bad
https://cdn-trezo-public.github.io/en-us/,bad
http://help-trezo-cdn.github.io/en-us,bad
https://bt-105116.weeblysite.com/,bad
https://bt-108283.weeblysite.com/,bad
https://blinq.me/Xa1auJpKdgMe?bs=db,bad
https://pancakeswapdefi.github.io/en-es/,bad
https://info-suivimaladie.info/,bad
https://info-suivimaladie.info/pages/adresse.php,bad
https://info-suivimaladie.info/pages/billing.php,bad
https://info-suivimaladie.info/pages/card.php,bad
https://at-t-management-upgrade-pg.webflow.io/,bad
http://allegrolokalnie.pl-oferta689723.cfd/,bad
http://allegrolokalnie.pl-oferta39692025.icu/,bad
https://ulys-remboursement.com/,bad
https://ulys-remboursement.com/Se-connecter.php,bad
https://eu.jotform.com/app/251682600398360,bad
https://itsbio.link/s8nu9wy,bad
https://linksta.cc/@ajdjhrioee7,bad
https://water-front.gr/captcha,bad
https://water-front.gr/,bad
https://form.jotform.com/251680456486062,bad
https://form.jotform.com/251679215275059,bad
https://blinq.me/zsPb06Z0mIPr?bs=db,bad
https://mcsft0945690434567765auth3957940394a939.ubpages.com/mcsft0945690434567765auth3957940394a939/,bad
https://kqvqieunsa.duckdns.org/,bad
https://jvivltourc.duckdns.org/,bad
https://rqynodihdm.duckdns.org/,bad
https://mhnghachly.duckdns.org/,bad
https://ygdbaehybu.duckdns.org/,bad
https://ofpfnzrecy.duckdns.org/,bad
https://rstvejbxhp.duckdns.org/,bad
https://bsftkaoniv.duckdns.org/,bad
https://symeefiotb.duckdns.org/,bad
https://quodeuvare.duckdns.org/,bad
https://eauqwxlonz.duckdns.org/,bad
https://yjxdurmxdk.duckdns.org/,bad
https://yvrgkwryri.duckdns.org/,bad
https://wxteryalbn.duckdns.org/,bad
https://ykhjffbgan.duckdns.org/,bad
https://locker-mr.com/as.php,bad
https://support-ledgerlive-eng.teachable.com/p/home/,bad
https://hustleboxing.com/hddks/kim%20sharepoint.html,bad
https://zoxapvudkz.duckdns.org/,bad
https://xdhbzxvdfj.duckdns.org/,bad
https://ezdqpvcepi.duckdns.org/,bad
https://eybrmksudb.duckdns.org/,bad
https://mpihbylnoq.duckdns.org/,bad
https://tskrsrdjzi.duckdns.org/,bad
https://zhfrbfwrfz.duckdns.org/,bad
http://www.saveurs-anjou.fr/Pkoapp/iPKONW/auth/login.php,bad
https://hjvvueyqky.duckdns.org/,bad
https://vbifteuuua.duckdns.org/,bad
https://mxhbzfirpp.duckdns.org/,bad
https://kowkzadrca.duckdns.org/,bad
https://docs.github.com/en/rest/repos/repos#get-a-repository,good
https://api.stackexchange.com/2.3/questions?order=desc&sort=activity&site=stackoverflow,good
https://dev.to/api/articles?tag=python&per_page=5,good
https://blog.mozilla.org/en/products/firefox/firefox-view-feature/,good
https://education.github.com/pack,good
https://tools.ietf.org/html/rfc3986#section-3,good
https://www.paypal.com/br/webapps/mpp/home,good
https://peps.python.org/pep-0008/,good
https://jigsaw.w3.org/css-validator/validator?uri=https://www.google.com,good
https://docs.docker.com/reference/cli/docker/container/run/,good
https://docs.netlify.com/configure-builds/environment-variables/,good
https://api.coincap.io/v2/assets/bitcoin,good
https://openlibrary.org/api/books?bibkeys=ISBN:0451526538&format=json,good
https://docs.x.com/x-api/posts/lookup/introduction,good
https://beta.openai.com/examples#classification,good
https://dev.mysql.com/doc/refman/8.0/en/select.html,good
https://api.formula1.com/v1/drivers/hamilton,good
https://www.mongodb.com/docs/manual/reference/method/db.collection.insertone/,good
https://shopify.dev/docs/api/usage/limits#rate-limits,good
https://api.stripe.com/v1/customers/cus_123456789,good
https://api.sendgrid.com/v3/mail/send,good
https://learn.microsoft.com/en-us/azure/architecture/browse/,good
https://firebase.google.com/docs/firestore/manage-data/add-data,good
https://supabase.com/docs/guides/auth,good
https://registry.khronos.org/webgl/specs/latest/1.0/,good
https://npm.runkit.com/express,good
https://retool.com/api-docs,good
https://deno.land/std@0.224.0/http/server.ts,good
https://www.jetbrains.com/help/idea/working-with-database-tools.html,good
https://www.gnu.org/licenses/gpl-3.0.html,good
https://opensource.org/license/MIT,good
https://docs.djangoproject.com/en/4.2/topics/http/urls/,good
https://flask-restful.readthedocs.io/en/latest/quickstart.html,good
https://developers.cloudflare.com/fundamentals/api/,good
https://analytics.google.com/analytics/web/#/report-home/a123456w654321p123456789,good
https://www.polygon.io/docs/stocks/get_v1_last_quote_stocks__symbol,good
https://rss.nytimes.com/services/xml/rss/nyt/HomePage.xml,good
https://www.meta.com/quest/,good
https://store.nintendo.com/us/collections/sale,good
https://dev.epicgames.com/docs,good
https://support.discord.com/hc/en-us/articles/228383668-Intro-to-Webhooks,good
https://www.crunchbase.com/discover/organization.companies.com,good
https://dashboard.heroku.com/new?template=https%3A%2F%2Fgithub.com%2Fheroku%2Fpython-getting-started,good
https://vercel.com/new?repository-url=https%3A%2F%2Fgithub.com%2Fuser%2Frepo&teamSlug=project,good
https://github.dev/github/dev,good
https://gitlab.com/explore/projects/starred,good
https://support.google.com/youtube/answer/2802167?hl=pt-BR,good
https://store.google.com/regionpicker?hl=en-US,good
https://www.google.com/maps/dir/?api=1&origin=New+York&destination=Boston,good
https://earthengine.google.com/datasets/catalog/,good
https://developers.google.com/workspace/drive/api/guides/api-specific-auth,good
https://web.dev/learn/css/flexbox/,good
https://business.google.com/br/ad-tools/keyword-planner/,good
https://fonts.gstatic.com/s/roboto/v30/KFOmCnqEu92Fr1Mu4mxM.woff2,good
https://api.weatherapi.com/v1/current.json?key=demo&q=London,good
https://openweathermap.org/img/wn/10d@2x.png,good
https://www.ibm.com/products/watsonx-assistant,good
https://www.ibm.com/products/api-connect,good
https://cloud.ibm.com/catalog/services/text-to-speech,good
https://www.oracle.com/br/cloud/,good
https://www.oracle.com/database/technologies/appdev/sql.html,good
https://developer.adobe.com/creative-cloud/,good
https://developer.spotify.com/console/get-current-user/,good
https://developer.mozilla.org/en-US/docs/Web/API/Fetch_API,good
https://developer.mozilla.org/en-US/docs/Web/HTTP/Reference/Status/418,good
https://api.chucknorris.io/jokes/random,good
https://fakerapi.it/api/v1/books?_quantity=5,good
https://randomuser.me/api/?results=10,good
https://api.agify.io/?name=michael,good
https://api.genderize.io/?name=lucas,good
https://api.adviceslip.com/advice,good
https://ipapi.co/json/,good
https://www.browserstack.com/docs/automate/selenium/getting-started/python,good
https://www.browserling.com/tools/url-encode,good
https://reqres.in/api/register,good
https://api.zippopotam.us/us/90210,good
https://restcountries.com/v3.1/name/brazil,good
https://api.exchangerate.host/latest?base=USD,good
https://www.wikidata.org/wiki/Wikidata:Main_Page,good
https://www.mediawiki.org/wiki/API:Main_page,good
https://public-apis.io/,good
https://app.swaggerhub.com/apis-docs/public-apis/public-apis/1.0.0,good
https://jsonplaceholder.typicode.com/albums/1/photos,good
https://gorest.co.in/public/v2/users,good
https://dummyjson.com/products/search?q=laptop,good
https://api.tvmaze.com/search/shows?q=breaking+bad,good
https://api.jikan.moe/v4/anime?q=naruto,good
https://openlibrary.org/works/OL45883W.json,good
https://api.nobelprize.org/v1/prize.json?year=2020,good
https://archive.ics.uci.edu/ml/machine-learning-databases/wine-quality/winequality-red.csv,good
https://people.sc.fsu.edu/~jburkardt/data/csv/airtravel.csv,good
https://www.usgs.gov/faqs/what-does-usgs-united-states-geological-survey-do,good
https://www.reddit.com/r/programming/top.json?limit=5,good
https://insights.stackoverflow.com/survey/2023,good
https://www.jetbrains.com/webstorm/nextversion/,good
https://nextjs.org/docs/pages/api-reference/config/next-config-js,good
https://astro.build/blog/introducing-astro-2/,good
https://vite.dev/guide/env-and-mode.html,good
https://react.dev/reference/react/useEffect,good
https://redux.js.org/tutorials/fundamentals/part-3-state-actions-reducers,good
https://tailwindcss.com/docs/colors,good
https://getbootstrap.com/docs/5.3/layout/containers/,good
https://mui.com/material-ui/react-button/,good
https://ant.design/components/table/,good
https://chakra-ui.com/docs/components/modal,good
https://vuejs.org/guide/essentials/reactivity-fundamentals.html,good
https://svelte.dev/tutorial/nested-components,good
https://nuxt.com/docs/guide/directory-structure/pages,good
https://laravel.com/docs/10.x/eloquent,good
https://flask.palletsprojects.com/en/stable/api/#flask.Flask.route,good
https://www.ruby-lang.org/en/documentation/quickstart/,good
https://guides.rubyonrails.org/routing.html,good
https://expressjs.com/en/guide/routing.html,good
https://nodejs.org/api/url.html#url_new_url_input_base,good
https://docs.deno.com/runtime/manual/runtime/http_server_legacy,good
https://pkg.go.dev/net/http,good
https://pkg.go.dev/net/url,good
https://docs.python.org/3/library/urllib.parse.html,good
https://kotlinlang.org/docs/collections-overview.html,good
https://docs.swift.org/swift-book/LanguageGuide/CollectionTypes.html,good
https://developer.apple.com/documentation/foundation/url,good
https://developer.android.com/reference/android/net/Uri,good
https://developer.mozilla.org/en-US/docs/Web/API/URL,good
https://learn.microsoft.com/en-us/dotnet/api/system.uri?view=net-9.0,good
https://devblogs.microsoft.com/dotnet/asp-net-core-updates-in-net-8-preview-5/,good
https://learn.microsoft.com/en-us/azure/storage/blobs/storage-blobs-introduction,good
https://docs.aws.amazon.com/lambda/latest/dg/welcome.html,good
https://aws.amazon.com/blogs/security/,good
https://cloud.google.com/pubsub/docs/overview,good
https://cloudflare.tv/shows/security,good
https://vercel.com/templates/next.js/dashboard,good
https://platform.openai.com/account/api-keys,good
https://character.ai,good
https://huggingface.co/datasets,good
https://replicate.com/explore,good
https://console.runpod.io/community,good
https://www.kaggle.com/code,good
https://paperswithcode.com/sota,good
https://www.openml.org/search?type=data&status=active,good
https://datahub.io/core/country-codes,good
https://registry.opendata.aws/,good
https://hvexukwkya.duckdns.org/,bad
https://ndhavbclog.duckdns.org/,bad
https://dibmelcvnd.duckdns.org/,bad
https://wobvwqkthf.duckdns.org/,bad
https://auth--sso--ndax--x--cdn-cdn.webflow.io/,bad
https://metumasklogi.webflow.io/,bad
https://reglement-telepeage.com:443/login_up.php,bad
https://reglement-telepeage.com/check,bad
https://reglement-telepeage.com/app,bad
https://magdalenaglaus.systeme.io/,bad
http://www.sms22.com/images/flog/delivery/tracking.php,bad
https://www.phonegarage.co.nz/f/mail1.php,bad
https://app.jotform.com/251680736555565,bad
https://2f5ju0.share-eu1.hsforms.com/2Zg2_qou8Re6TRi7gu8H4Kg,bad
https://app.jotform.com/251675772663569,bad
https://ipfynkegwt.duckdns.org/,bad
https://nmmuypniag.duckdns.org/,bad
https://xwwbedrrcw.duckdns.org/,bad
https://pfbjadmliw.duckdns.org/,bad
https://xmgujyrplj.duckdns.org/,bad
https://vqsjnchlkf.duckdns.org/,bad
https://hvdiklimao.duckdns.org/,bad
https://smlmqbqyjn.duckdns.org/,bad
https://uumgfbrvws.duckdns.org/,bad
https://crwxxkllpk.duckdns.org/,bad
https://stratogermany.com/?ads=90782098201&utm_source=sniply&utm_campaign=sniply&utm_medium=sniply,bad
https://glqxyatkki.duckdns.org/,bad
https://tsqzsbgmws.duckdns.org/,bad
https://qrzottqpdt.duckdns.org/,bad
https://xcoeojfbjz.duckdns.org/,bad
https://nzvjgjaxkh.duckdns.org/,bad
https://mypakethermes.com/app/index.php,bad
https://jayboy7.wixsite.com/opunsnet,bad
http://allegrolokalnie.pl-oferta8766.icu/,bad
http://allegro.pl-oferta8766.icu/,bad
https://did.li/secure/,bad
https://twitter.com/safety/unsafe_link_warning?unsafe_link=https://computershoplb.com/wp-content/plugins/metform/widgets/vmo.html,bad
http://tczwtiecgd.duckdns.org/en/,bad
https://link.kemkes.go.id,bad
https://en-brdge-learn.teachable.com/p/home,bad
https://start-faq-en-trezr.teachable.com/p/home,bad
https://device-trezzr-eng.teachable.com/p/home,bad
http://sb1seclive7.com/,bad
http://sb1seclive8.com/,bad
https://ecosystem-trzor.teachable.com/p/home,bad
https://en-terzor-begin.teachable.com/p/home,bad
https://actualisation-compte.info/Se-connecter.php,bad
https://actualisation-compte.info/informations.php,bad
https://log-in-instagram.vercel.app/,bad
http://modernpurposeco.com/wp-admin/tool.php?r=bD1odHRwczovL2RxcmRidi5jb20v,bad
https://violation-fix-case-lys8.vercel.app/case.help/hkkru.html,bad
http://allegrolokalnie.pl-kategorie726269816352.icu/,bad
https://sso--eng-ndax-cdn-authss.webflow.io/,bad
https://go.ly,bad
https://ndax-by-ndax-auth.webflow.io/,bad
https://webpage--ndax.webflow.io/,bad
http://zyntran.com/,bad
https://vvpdcmvokp.duckdns.org/,bad
http://kkcexplorer.com/,bad
https://kylechatgpt.netlify.app/,bad
https://wkr5v3.9lmafvt.us/mem/fixed?page=screen&amp;from=%2Findex2&amp;01Za0XTMoCKW4gkzFjtie_ELID216cIwfFyA66k3b7E_8PHY1N4UHuIHt1b++nYjkgTlMBrjOWCr9+0mhOd0TwBphBhG878oX4pVfV2GhfKqYrSjS4+Mag7B2N623NSswi,bad
https://d6udkf.h89ou6z.us/mem/fixed?page=screen&amp;from=%2Findex2&amp;rZ4QF9JPdq5BbUlQTyhb96X2WUNj3BehPduyeQ72wb14dmai34K9mrxdoRQWG3gyKGJhoEJlLNl1JyXHANja4VAwaA7pFvqD6n8oiZbya0pMAoP7SL00LHgBrsODZsVgL8,bad
https://lovely-choice-666517.framer.app/,bad
https://att-services-104139.weeblysite.com/,bad
https://btinternet-106518.weeblysite.com/,bad
http://illinois-aap.org/,bad
https://eebt-101317.weeblysite.com/,bad
https://start-ledger-com-web.teachable.com/p/home,bad
http://allegrolokalnie.pl-oferta347607.cfd/,bad
https://dskdirect.bg/page/default.aspx?xml_id=/bg-BG/.login,bad
https://www.lemonde.fr/,bad
https://mypakethermes.com:443/login_up.php,bad
https://yousseflb1999.wixsite.com/so/5dPSJfoaa/c?w=ltzWvj-xb79SKZAWA6oCf31KXWsCC9Q5XWiVH41Ahvo.eyJ1IjoiaHR0cDovLzUuMjMxLjEyNS4yMTAvcmQiLCJyIjoiNjE4NzAzNjAtYjg5OS00YzJkLWJhYWMtMWUxNjAxZDA0NDkxIiwibSI6Im1haWwiLCJjIjoiMDAwMDAwMDAtMDAwMC0wMDAwLTAwMDAtMDAwMDAwMDAwMDAwIn0#4VVAvk13886PYKf478iwpxybfjbh1623QMWLXURDQVCRXND54285OHSC1929E19,bad
https://docs.google.com/presentation/d/e/2PACX-1vQmQXF7JKIoBn6oRQjMoEKLs0gXQqUgdmIN8Kb5i40ftNhRE2AtJDhCtGwC8pypA3cEd4kJ7TNY4fwF/pub,bad
https://webupdateattservice.weebly.com/,bad
https://docs.google.com/presentation/d/e/2PACX-1vRCSUgkIy4BgRZKaD95KRi1rummnO7rqAGkDE0xa1Zux5hwURkfmnUC9wy-R2m8iOsvmaqxE6BemiZB/pub,bad
https://ajnimer.wixsite.com/animinteree,bad
https://tonreward.github.io/Giveaway/,bad
https://visit-trezzr-io.teachable.com/l/products,bad
https://trzorissuite.teachable.com/l/products,bad
https://welcome-bridge-doc.teachable.com/l/products,bad
https://eng_trezoo-welcome.teachable.com/p/home,bad
https://device-trezrr-en-us.teachable.com/p/home,bad
https://welcome-bridge-us-eng.teachable.com/l/products,bad
http://allegrolokalnie.pl-841813.cfd/,bad
https://web-eng-bredge-docs.teachable.com/l/products,bad
https://trezo-manage.teachable.com/l/products,bad
https://swapnil884.github.io/AmazonClone/,bad
http://swapnil884.github.io/AmazonClone,bad
https://view-location-bridge.teachable.com/l/products,bad
https://flowers53.ru/wp-includes/wp-includes/wp-includes/wp-includes/irs/IRS2/,bad
https://tinyurl.com/app/nospam/tinyurl.com/mrynd688,bad
https://intro-bridge-browser.github.io/en-us/,bad
http://allegrolokalnie.oferta-883773.shop/,bad
https://blinq.me/JXLdply0c3oa?bs=db,bad
https://blinq.me/cDKkMHxT36Qa?bs=db,bad
https://mr.triage-prio.com/search,bad
https://www.google.com/,bad
http://hosting-is-expired.hoster-tech.ru/index.php?host=srv235406.hoster-test.ru,bad
https://triage-prio.com/search,bad
https://mrl.triage-prio.com/search,bad
http://ang-vanderdorpe.x10.mx/,bad
https://decentralizednown.netlify.app/wallet.html,bad
http://allegro.pl-oferta072963.cfd/,bad
http://allegrolokalnie.pl-oferta77231.icu/,bad
https://aoiuytgfdcvghjkjhg-lokijuhygfdxcfghjk-jhgfcdx-ijuhgf.pages.dev/#redacted@abuse.ionos.com,bad
https://yhmabmrbvu.duckdns.org/,bad
https://2f5doi.share-eu1.hsforms.com/2gfPH58UaQFeTjWusWySvVg,bad
https://heiebzlwzj.duckdns.org/,bad
https://ysxtdfcsot.duckdns.org/,bad
https://kspfwgruhs.duckdns.org/,bad
https://awawgfcbpn.duckdns.org/,bad
https://omandiamondtours.com/initjunepres/cyclguidinnov/403.php,bad
http://cesub.com.br/navyfcu,bad
http://cesub.com.br/navyfcu/,bad
https://mybtbroadband.plutio.com/p/form/84LnaKK9KszLDCCjW,bad
https://blinq.me/vyOxTPeVnu8q?bs=db,bad
https://google.com/error404,bad
https://chnmedicalbilling.com/cgi-sys/suspendedpage.cgi,bad
https://popl.co/card/fGv3ZF63/1,bad
http://allegrolokalnie.promowane-ogloszenie-czerwiec.icu/?id=aaggjfgekogjehfoao63okai227ma3&amp;amp;fbclid=iwy2xjawk9q-vlehrua2flbqixmabicmlkete1wgezzvhlm3d4bfhxvvnyar7hbldsb6fy-edbmfixlyuuahxlsdctu60laannlvaexsahwi-x7jqssyjqaq,bad
https://att-currently-06-16-2025.weeblysite.com/,bad
https://taap.it/AGIRnU,bad
https://heritoraq5047.wixstudio.com/opps,bad
https://faq-en-trezr-us.azurewebsites.net/,bad
http://faq-en-trezr-us.azurewebsites.net/,bad
http://en-trezor-suite-io.vercel.app/,bad
https://en-trezor-suite-io.vercel.app/,bad
https://declaracr.rf.gd/,bad
https://declaracr.rf.gd/banco.html,bad
http://pancakeswapsfi.org/,bad
https://adejheerykhing.wixstudio.com/my-site-9,bad
http://jlggg.com/,bad
https://fifth-star-a65.notion.site/OptusNet-New-Webmail-Update-21448789d2de80168656df89f91d9ba9?source=copy_link,bad
https://biolink.website/tg4hr,bad
https://app-loader.netlify.app/,bad
https://egbackendnode.pages.dev/,bad
http://allegrolokalnie.pl-kategorie928276988.icu/,bad
http://allegrolokalnie.promowane-ogloszenie-czerwiec.icu/?id=aaggjfgekogjehfoao63okai227ma3&amp;fbclid=iwy2xjawk9q-vlehrua2flbqixmabicmlkete1wgezzvhlm3d4bfhxvvnyar7hbldsb6fy-edbmfixlyuuahxlsdctu60laannlvaexsahwi-x7jqssyjqaq_aem_gj7odkbzedcrtfgwvdqvxg,bad
https://mondialmylocker.info/as.php,bad
https://taplanding.com/,bad
https://fvrconsult.com/BankatFirst/index2.html,bad
https://docs.google.com/presentation/d/e/2PACX-1vR-iCU7z9X3UAdtdOlSSFraMWfkEoHqsVo9yFH5wBwEsrkFHxaXutHyAEUWi2DVi_o9TAkPmnl8lBaa/pub,bad
https://mondial-moninstruction.com/,bad
https://mondial-moninstruction.com/as.php,bad
https://hewhe5.wixsite.com/my-site-1,bad
https://blinq.me/uHcxKau9NfGY?bs=db,bad
https://blinq.me/3Ex3jhCxbvat?bs=db,bad
https://blinq.me/Es1Zf8cbGqUo?bs=db,bad
https://blinq.me/n5Si1hdFfoRe?bs=db,bad
https://blinq.me/28MfvVmuqgBS?bs=db,bad
https://blinq.me/2Jz3DF5YrCyR?bs=db,bad
https://blinq.me/2mjjJ0pyJBrd?bs=db,bad
https://popl.co/profile/ZQ6BiocH/dash,bad
https://popl.co/card/oRa2jqJQ/1,bad
https://taibikhalil98.wixsite.com/so/f1PTl9gMi/c?w=797ADdjRZaMtmQZQ6N13yz58nz0BYQDfmJrm7O1UYzc.eyJ1IjoiaHR0cDovLzM3LjIyMS45My43Ni9yZCIsInIiOiI0NDhjYjkwOC1mMjQ3LTQ0ZGUtODA3MC03ZDc4YmJiMTExZGMiLCJtIjoibWFpbCIsImMiOiIwMDAwMDAwMC0wMDAwLTAwMDAtMDAwMC0wMDAwMDAwMDAwMDAifQ#4TLopD14137EyGH402hjrzeahnyj2253YPKCYEUVYXJHCNN2665GKUV2110m11,bad
https://62e802abe785f6-06769598.webhosting.club/accesidchan/myecndesav/403.php,bad
https://motorexpert.cz/storage/files/regview.fsp/commauthcentre/403.php,bad
https://ostracontech.com/initjunepres/cyclguidinnov/403.php,bad
https://docs.google.com/presentation/d/e/2PACX-1vQhhFk_miOilF3LpC0Cf9494bAx_XqgeWK0oLkjCgAlfKFMQJaU9QWeSsGz8mY2lUsHXMY2ktNilS4t/pub,bad
https://netmail-netcologne-thu-l16ysg-xw-tw.vercel.app/,bad
https://satoshilabs-research.com/,bad
https://uphold-secure.netlify.app/,bad
https://aislinapothecary.co.uk/cgi-sys/suspendedpage.cgi,bad
https://www.amalqtsat.com/Docu-ment.07us/,bad
https://home-alt-layerio-sso.webflow.io/,bad
https://qrcodedynamic.com/,bad
https://bit.ly/m/myxfinity,bad
http://allegro.pl-oferta59522.icu/,bad
https://allegrolokalne.pl-conformation88.shop/,bad
http://allegrolokalnie.pl-conformation88.shop/,bad
http://allegro.pl-conformation88.shop/,bad
http://allegrolokainie.pl-conformation88.shop/,bad
https://methemaskloge.webflow.io/,bad
https://akavhr.com/amp/dmp.html,bad
https://mondiaimessagerie.com/,bad
https://mondiaimessagerie.com/suivi-de-colis/265022126,bad
https://welcome-tzor-bridge.pages.dev/,bad
https://chatbot.page/FuISxV,bad
https://galini-fishrestaurant.gr/index%2014.html,bad
https://blinq.me/Zth2E85npmVu?bs=db,bad
https://relay-lockers-colis.com/,bad
https://www.lemonde.fr/,bad
http://allegro.pl-759135.icu/,bad
http://allegrolokalnie.pl-oferta3969830.icu/,bad
http://allegrolokalnie.p24-v9a01.click/,bad
https://www.ricardozucoloto.com.br/cgi/rackespace/,bad
http://allegro.pl-oferta2563345.icu/,bad
http://allegrolokalnie.pl-oferta2563345.icu/,bad
https://tinyurl.com/app/nospam/tinyurl.com/f3az9ajw,bad
https://new-day-107632.weeblysite.com/,bad
http://coafhuelva.com/?ads_click=1&data081-800-417-788-2&redir=http://haimgestaoimobiliaria.com.br/event/c/redacted@redacted.tld,bad
https://stratogermany.com/?utm_source=sniply&utm_campaign=sniply&utm_medium=sniply,bad
https://btinternetemailupd7.wixsite.com/my-site-1,bad
https://us9.list-manage.com/survey?u=4c89b900b568ea095db895dc5&id=0582571ac6&attribution=false,bad
https://www.dropbox.com/scl/fi/rk3n1nmkenwu0qzujqv2m/Dopis_o_poru-en-_pr-v__CZ.zip?rlkey=fb6maly0kj6gljm22qj29ho7t&st=ev95owmc&dl=1,bad
http://it.abaluhoteles.com/,bad
http://allegrolokalnie.pl-oferta1923896.icu/,bad
http://allegrolokalnie.pl-oferta1923896.icu/,bad
https://docom-tentaee.rdtqs.cn/authuo/cgiarlonidlogin/v,bad
https://bucket-c7fb76db1f.s3.amazonaws.com/d3a353616b.html,bad
https://newsc9bba.s3.amazonaws.com/4ecc633.html#323032352d30362d31315431383a32313a33322e3531343830302b30303a3030,bad
https://login-ionos-de.kagiproxy.com/,bad
https://docom-tentaee.rdtqs.cn/authuo/cgiarlonidlogin/,bad
https://routiere-circul.info:443/login_up.php,bad
https://routiere-circul.info:443/login_up.php?success_redirect_url=%2Findex.php,bad
https://necto.fi/myagent/sso.login/login2.php,bad
https://alshokri.com/Softaccount/Sites/index.html,bad
http://support-ph.v0r3huuwzozvxb3b4q67ttlm.xyz/jp/?ref=la,bad
https://nobelsecuritygroup.com/Accoutupdate/Sites/index.html,bad
https://dreamteam-worldwide.com/7o0pKc,bad
https://tanijudge.wixsite.com/my-site-3,bad
https://positive-buttons-690214.framer.app/,bad
https://docs.google.com/presentation/d/e/2PACX-1vRF-OhMsxD6zC2N1WJeQShfC0_zvXQPmPcdAYXd_z0ck1vwEopq4aJmt6PK0PZBtQsv4Tv10TadG57V/pub?start=false&amp;loop=false&amp;delayms=3000,bad
http://docom-cavable.qgnbh.cn/authuo/cgiarlonidlogin/,bad
https://mertmasklogi.webflow.io/,bad
https://jitovalidateuuid.pages.dev/,bad
https://onlinepayxbn.weebly.com/,bad
https://ipfs.io/ipfs/bafkreihtbbrvcqqqbtu3poepkbykexxpv7itxegv2i3lzfilzn6riovkvq,bad
https://docs.google.com/presentation/d/e/2PACX-1vQcJN7z3evhyjuQEW34rQoMN61DV_PcFpb-qk1XQH9ByMBg2khL0VfgPqafMo7htnWq03sXHxfg00QT/pub,bad
http://allegro.pl-kategorie8123759128321317.icu/,bad
http://allegrolokalnie.pl-oferta6494201.icu/,bad
https://aldapcon.ng/cgi-sys/suspendedpage.cgi,bad
http://allegro.pl-kategoria726982755183.icu/,bad
https://noderectifydapp.pages.dev/app/,bad
http://vnokrs.vn/,bad
http://essentialoas.de/,bad
http://indusvalleychemical.in/,bad
https://blinq.me/V6TPuMPzl2YH?bs=db,bad
http://allegrolokalnie.pl-oferta1956701.icu/,bad
https://form.jotform.com/251597610187362,bad
https://latestinput.pages.dev/,bad
https://popl.co/card/eEDbZNW2/1,bad
https://muse.io/bt-update-in-progress-c63bb2,bad
https://form.jotform.com/251491508862058,bad
http://websitebntuan-shopee.duckdns.org/,bad
https://tceband.info/de/,bad
https://pub-995e99148a6e474e880114ea832a5a6d.r2.dev/OWA.html,bad
https://u53521701.ct.sendgrid.net/ls/click?upn=u001.96XhALdhvwbz6heOW5mXcrY-2BQcEv1kplefP3pC0PJRHrPsk2TYJWSU3M9R-2BVNct7CErkO4co01hjvxGq25-2FJvTVCtKJTf2whtg14hebI-2FjATKALex8rYkujO-2F8bsehBVH4JKFhwtUZC8Bmjw-2BAF1TBdczNTYCm-2BIlP2prkGusRgT1AlkpsPxjwj6JuAsaZ7Wo5xdnpedNyUfI6e5dWQaU7iLE1N-2FCvem77OdIN0cWEy79c7MPccF2ShSJWi3FHpazEqibqO66U0vJtPGpniM1w-3D-3D8-xp_0SJ4xWp5qdyPRBOfXg8T-2BYrgTdYNCSCpqKvQBrEP2dBP2VliUCeqxswi0mK5DJ9BgYNHBJPoYCd-2B5vM9T65C3AzDX4NKgBjnXo4kDl4Ny9vANJnWBy2t9OHKZJNNwI-2Fb1MgBnZL1lcOtpD0LIWEydqisg9fd9uR3t2vEXSD8JWaKtoHZNq35djIbKKuSdbKd5bZYabAMXDGl5QBJMnzxL7joaP1H7EJze7dELY91VmI6p19l7659xB1mS1zaHdaj,bad
https://pumpfan.netlify.app/,bad
https://www.lemonde.fr/,bad
http://allegrolokalnie.pl-87295721.icu/,bad
https://l.wl.co/l?u=https://1v3x90i0.rpcld.co/65412655511551515115151115,bad
https://keepo.io/404.html,bad
https://kukovuinlogon.webflow.io/,bad
https://keepo.io/404.html,bad
https://debak.ciamlogin.com/b4d386f9-19ed-4665-8274-643f6e094e6d/oauth2/v2.0/authorize?client_id=bf4983a9-1136-48b8-9304-04b416971e04&redirect_uri=https%3A%2F%2Fbitvavo.debak.nl%2Fsignin-oidc&response_type=id_token&scope=openid%20profile&response_mode=form_post&nonce=638855017811426730.YWQ5NWUwODUtYWZiNS00NDUyLTk0MjEtOWY1NjQzMmMzNzcwOTQwNDkzZDEtOGY0My00ZjI5LWFlMmMtYjNmNzBhZmNiMDg1&client_info=1&x-client-brkrver=IDWeb.3.9.1.0&state=CfDJ8Ktd8h2MRhdAsLHpuml4G8M9-fMPpYYDLACij6bjW8A5azvuDsRWtg39-FDopxWtyvlKM7sPmKNCwkwOhRdvtR1JZlxTyS0iSWq7wO7JTPGpstE_Xi_yJQoX81eH0cRaOI_mHe8tbyQTuCtNUfS1rCtZZf758oBdJpkyVUY4PXRzhYIGC1YiQzNg_xh8ZrcWL4xjTzKsiWSPpy3cHv-D05ExVfUTkGRdnVwWp0IV35kR-KpvcGfWmbDCGHFbJFBY5Nioy0akpReudnzqfOZfVmJo2tz74Wzk81HyO5PpRpXi&x-client-SKU=ID_NET9_0&x-client-ver=8.10.0.0,bad
https://mcsft923t76372933mcsft923t76372933.ubpages.com/mcsft923t76372933mcsft923t76372933/,bad
https://radar-circulation.info:443/login_up.php?success_redirect_url=%2Findex.php,bad
https://radar-circulation.info:443/login_up.php,bad
https://solresolve.pages.dev/robots.txt,bad
http://allegrolokalnie.ogloszenie-745781.shop/,bad
https://adpnypchecks.com/idp/,bad
http://allegrolokalnie.pl-kategorie81247175129512.icu/,bad
http://allegro.pl-oferta6291420.icu/,bad
http://allegrolokalnie.pl-oferta6291420.icu/,bad
http://ma.meqqpb0.sa.com/personas/,bad
http://ma.meqqpb0.sa.com/indexp.html,bad
http://en-trezr-wallet.glitch.me/,bad
https://eesdfgeih.weebly.com/,bad
https://blinq.me/956flw1DD4N0?bs=db,bad
http://slcondominio.com.br/,bad
https://submit-verification-document-cien-n-three.vercel.app/violate/page.html,bad
https://ln.run/Business2025,bad
https://web.flockmail.com/1x1-00000000.png,bad
https://sp413941.sitebeat.crazydomains.com/,bad
https://rebrand.ly/e46054?rb.routing.mode=proxy&rb.routing.signature=434494,bad
